embedding_dimension,coefficient,absolute_coefficient
323,-2.6980475444137757,2.6980475444137757
279,2.455792551571278,2.455792551571278
335,-2.075142880491104,2.075142880491104
298,-1.909543648103718,1.909543648103718
340,1.887866731670063,1.887866731670063
334,-1.7709660606113862,1.7709660606113862
36,1.7639130298195949,1.7639130298195949
254,1.7464637714835436,1.7464637714835436
13,1.7144975582127502,1.7144975582127502
108,1.6781730732289324,1.6781730732289324
361,1.6495024422622022,1.6495024422622022
200,1.6328436096895047,1.6328436096895047
295,1.6272659818950723,1.6272659818950723
133,-1.5985583205006035,1.5985583205006035
177,-1.5950718679679605,1.5950718679679605
142,1.5770105105670205,1.5770105105670205
62,-1.5691516731972328,1.5691516731972328
211,1.5296397801012203,1.5296397801012203
357,1.4437015576459327,1.4437015576459327
245,-1.3921984853255176,1.3921984853255176
311,-1.364357351819065,1.364357351819065
127,-1.332560434512606,1.332560434512606
74,1.325380145854243,1.325380145854243
294,-1.2884203410769788,1.2884203410769788
33,-1.287475554811349,1.287475554811349
8,1.2850747426134033,1.2850747426134033
68,1.2795876209508172,1.2795876209508172
67,1.2761812321216053,1.2761812321216053
117,1.2703250313082135,1.2703250313082135
162,1.2699243097423383,1.2699243097423383
370,1.257708167239058,1.257708167239058
156,1.2421950174420353,1.2421950174420353
178,-1.2378251873603143,1.2378251873603143
30,1.2165758333084864,1.2165758333084864
347,-1.1939889270499102,1.1939889270499102
129,1.1838850914066172,1.1838850914066172
332,1.1638526831741975,1.1638526831741975
198,-1.1557990815875852,1.1557990815875852
231,1.148065876828267,1.148065876828267
225,1.1376294393019595,1.1376294393019595
319,1.1264544252331754,1.1264544252331754
302,1.1254723749614186,1.1254723749614186
317,-1.1123313635615364,1.1123313635615364
282,-1.0992347709428052,1.0992347709428052
345,1.0902523824881667,1.0902523824881667
251,-1.077697334770622,1.077697334770622
73,-1.0521199473871747,1.0521199473871747
202,-1.0316812599471996,1.0316812599471996
121,1.027431381985228,1.027431381985228
54,1.0179170979353362,1.0179170979353362
234,-1.013130716599169,1.013130716599169
321,-1.0125622678336132,1.0125622678336132
41,-1.0122840580221435,1.0122840580221435
140,1.0077618652813287,1.0077618652813287
303,0.9979358245955375,0.9979358245955375
270,-0.9955163724291741,0.9955163724291741
18,-0.9945252845382883,0.9945252845382883
94,-0.9935321083961186,0.9935321083961186
45,0.9924385525415856,0.9924385525415856
126,0.986689820362581,0.986689820362581
4,0.9852076819547024,0.9852076819547024
342,-0.9815458650649518,0.9815458650649518
154,-0.9743539707736393,0.9743539707736393
288,0.9692642128729265,0.9692642128729265
355,0.9589211238256283,0.9589211238256283
47,0.9571796630478927,0.9571796630478927
66,-0.9544943066215479,0.9544943066215479
134,-0.9538425663034185,0.9538425663034185
246,-0.9510957128486642,0.9510957128486642
84,-0.9458230398782468,0.9458230398782468
203,0.945252491950011,0.945252491950011
292,-0.943681002836204,0.943681002836204
123,0.9423395784089884,0.9423395784089884
378,0.9328670685521082,0.9328670685521082
28,-0.9298543651395396,0.9298543651395396
271,0.928808040873382,0.928808040873382
356,-0.9280386444351242,0.9280386444351242
348,-0.9273742889354433,0.9273742889354433
64,-0.9254409715088437,0.9254409715088437
106,0.9229373137399981,0.9229373137399981
31,0.9197215577097111,0.9197215577097111
310,-0.9192738133456909,0.9192738133456909
350,-0.907788431644308,0.907788431644308
5,0.901451143437595,0.901451143437595
81,0.9012470619571071,0.9012470619571071
377,-0.8901717603551595,0.8901717603551595
196,0.8809728818289865,0.8809728818289865
44,-0.8725349122501408,0.8725349122501408
53,-0.8708293749586558,0.8708293749586558
338,0.862341709008071,0.862341709008071
261,-0.853560747070348,0.853560747070348
102,0.8521501547005836,0.8521501547005836
207,-0.8455898240007551,0.8455898240007551
2,-0.832856927689275,0.832856927689275
71,0.8262835479915069,0.8262835479915069
187,-0.8240280233593986,0.8240280233593986
110,-0.8171824048063117,0.8171824048063117
304,0.8131193708393286,0.8131193708393286
29,-0.805683939341758,0.805683939341758
100,-0.8041998833272233,0.8041998833272233
27,0.7962702277645225,0.7962702277645225
283,-0.7870935938266553,0.7870935938266553
217,-0.7835347850349794,0.7835347850349794
291,-0.781964776927255,0.781964776927255
191,0.7757833818750207,0.7757833818750207
328,-0.7626656313338945,0.7626656313338945
346,-0.7614674705118902,0.7614674705118902
297,-0.7587614788753764,0.7587614788753764
277,-0.7585663537776997,0.7585663537776997
205,-0.7509936643580853,0.7509936643580853
16,0.7502747212987861,0.7502747212987861
359,0.7502246318744723,0.7502246318744723
194,-0.7467658360608249,0.7467658360608249
125,0.7461846746417926,0.7461846746417926
145,0.742992891392885,0.742992891392885
12,-0.7418771133420774,0.7418771133420774
331,-0.7411768807634577,0.7411768807634577
223,-0.7408099293955861,0.7408099293955861
226,-0.739843629530922,0.739843629530922
260,-0.7379048893935495,0.7379048893935495
190,-0.7322771467209782,0.7322771467209782
238,0.7258010551902074,0.7258010551902074
58,-0.7210467351917695,0.7210467351917695
219,0.7208370701068769,0.7208370701068769
181,0.7184142071785579,0.7184142071785579
210,-0.7173060151100967,0.7173060151100967
1,-0.7043606832894403,0.7043606832894403
253,-0.6900113314770578,0.6900113314770578
233,0.6849481113362628,0.6849481113362628
97,0.6812602467792175,0.6812602467792175
327,0.6781783669012149,0.6781783669012149
43,-0.6728396144175135,0.6728396144175135
197,0.6721322183406545,0.6721322183406545
151,0.6713607284358144,0.6713607284358144
316,-0.6600882276810962,0.6600882276810962
305,0.6588894856201598,0.6588894856201598
107,-0.6555365488973726,0.6555365488973726
146,-0.6520644481617714,0.6520644481617714
343,-0.649991722195009,0.649991722195009
98,-0.6488768630722234,0.6488768630722234
352,-0.6474974303112753,0.6474974303112753
149,-0.6469909742719507,0.6469909742719507
132,0.645183356570734,0.645183356570734
264,0.6447367536779071,0.6447367536779071
40,0.644119615293365,0.644119615293365
306,-0.6439695297198298,0.6439695297198298
115,0.6424617142339495,0.6424617142339495
170,0.6371529563127832,0.6371529563127832
284,0.63505771710537,0.63505771710537
152,-0.6314183050008807,0.6314183050008807
293,-0.629427383704094,0.629427383704094
186,-0.6292635500519645,0.6292635500519645
259,-0.5957995462577141,0.5957995462577141
289,-0.5904463909554938,0.5904463909554938
384,0.5855541810251473,0.5855541810251473
139,0.5844302812963803,0.5844302812963803
193,0.5769007633149477,0.5769007633149477
130,-0.5755522834579289,0.5755522834579289
89,0.5729881348266535,0.5729881348266535
169,-0.5719057248018803,0.5719057248018803
266,0.569612813761284,0.569612813761284
6,0.5663957051460088,0.5663957051460088
353,-0.56457842072437,0.56457842072437
69,0.5568104816003896,0.5568104816003896
349,0.5563365702798246,0.5563365702798246
364,-0.555813843740138,0.555813843740138
278,0.5551748156785636,0.5551748156785636
373,0.5536740776018588,0.5536740776018588
141,0.5498100836463596,0.5498100836463596
185,-0.5472571169865879,0.5472571169865879
312,0.5466858978352629,0.5466858978352629
79,-0.5458909292478414,0.5458909292478414
229,0.5413441055267424,0.5413441055267424
114,0.5399524258326602,0.5399524258326602
236,0.5377052998967055,0.5377052998967055
167,-0.5307660414665184,0.5307660414665184
112,-0.5269688737739484,0.5269688737739484
184,0.526623888730966,0.526623888730966
290,-0.5190293679544367,0.5190293679544367
124,-0.5159448589972583,0.5159448589972583
56,-0.511981155948772,0.511981155948772
252,-0.5098465822271989,0.5098465822271989
90,0.5062887463289131,0.5062887463289131
116,0.5041270502976116,0.5041270502976116
153,-0.5010964603915925,0.5010964603915925
52,0.49559678658185946,0.49559678658185946
109,-0.4854047165027122,0.4854047165027122
10,-0.4777910463057018,0.4777910463057018
34,0.4717124130246044,0.4717124130246044
330,-0.46738229432116224,0.46738229432116224
336,-0.4634512386795751,0.4634512386795751
274,-0.4604084301545547,0.4604084301545547
32,-0.45998129959317113,0.45998129959317113
59,-0.4575220632988762,0.4575220632988762
218,-0.45686581921607733,0.45686581921607733
308,0.4564542244989004,0.4564542244989004
183,0.45573564770663766,0.45573564770663766
49,-0.4544129308489854,0.4544129308489854
150,0.4526590841633842,0.4526590841633842
235,-0.45115733039266914,0.45115733039266914
119,-0.45075700033227095,0.45075700033227095
159,-0.447686240532715,0.447686240532715
383,0.447622348130996,0.447622348130996
256,-0.44655886679384366,0.44655886679384366
163,0.4454512773282579,0.4454512773282579
143,0.4422774284172944,0.4422774284172944
76,-0.44113442501116934,0.44113442501116934
296,-0.43655597064740853,0.43655597064740853
341,0.4360543138899686,0.4360543138899686
280,0.4342121454614556,0.4342121454614556
77,-0.4340096754544745,0.4340096754544745
213,0.4330450282260276,0.4330450282260276
354,0.4322519395754867,0.4322519395754867
325,0.4318187219561601,0.4318187219561601
362,0.4315102810220138,0.4315102810220138
23,0.42309483537569237,0.42309483537569237
241,-0.4229362479449966,0.4229362479449966
318,-0.42194058751027036,0.42194058751027036
82,0.419891497603163,0.419891497603163
35,0.41785204317755786,0.41785204317755786
368,-0.4162246915916332,0.4162246915916332
158,-0.4143958014769236,0.4143958014769236
46,-0.4109271381106873,0.4109271381106873
227,0.4074805685313819,0.4074805685313819
208,-0.4005042329012843,0.4005042329012843
380,0.39081904753436736,0.39081904753436736
244,-0.38739754694105727,0.38739754694105727
360,0.3806933795250075,0.3806933795250075
166,0.3753023008025119,0.3753023008025119
269,0.37465847272639025,0.37465847272639025
122,0.36875744753698997,0.36875744753698997
17,-0.36802747283073733,0.36802747283073733
214,0.3664671858255111,0.3664671858255111
42,0.3650283341236146,0.3650283341236146
273,-0.3543522620318698,0.3543522620318698
371,0.3508489693270795,0.3508489693270795
267,-0.34721071292963435,0.34721071292963435
262,0.34552737690115093,0.34552737690115093
381,0.34513157891782265,0.34513157891782265
96,0.3442801705625989,0.3442801705625989
95,0.34302289139280423,0.34302289139280423
365,0.3406452972421954,0.3406452972421954
248,0.33953364224349425,0.33953364224349425
63,0.33760816214930434,0.33760816214930434
239,0.3311624297616079,0.3311624297616079
182,-0.3287419503420079,0.3287419503420079
351,0.3260886902492632,0.3260886902492632
86,-0.3250629313000952,0.3250629313000952
363,-0.32222352973405133,0.32222352973405133
315,0.32041290307651377,0.32041290307651377
272,0.31979230059429087,0.31979230059429087
307,-0.3149722234894361,0.3149722234894361
51,-0.3114398099581782,0.3114398099581782
157,-0.3014211106352087,0.3014211106352087
24,-0.2998591478821272,0.2998591478821272
173,0.29509436056263993,0.29509436056263993
287,0.2935896870174511,0.2935896870174511
382,-0.2851887867228329,0.2851887867228329
174,-0.28489955773530495,0.28489955773530495
65,-0.28328388908843677,0.28328388908843677
228,-0.28061225019897545,0.28061225019897545
93,-0.2786004378922245,0.2786004378922245
78,0.2702509067054567,0.2702509067054567
135,-0.26824303723272314,0.26824303723272314
131,0.26110604556999506,0.26110604556999506
9,-0.2600542507605352,0.2600542507605352
276,-0.2598960727662914,0.2598960727662914
314,-0.258898183748311,0.258898183748311
55,-0.2576270988756732,0.2576270988756732
101,-0.25608289863583245,0.25608289863583245
91,-0.2554442564148315,0.2554442564148315
220,0.2514333066947894,0.2514333066947894
221,0.2432737961702212,0.2432737961702212
172,0.23959467842772827,0.23959467842772827
265,0.2330130323493398,0.2330130323493398
333,-0.23275498873214634,0.23275498873214634
369,-0.2327091208507182,0.2327091208507182
375,0.23167758110043912,0.23167758110043912
240,0.23164938005928984,0.23164938005928984
367,0.23039637878039074,0.23039637878039074
72,0.22781810937136995,0.22781810937136995
344,-0.22766935953865963,0.22766935953865963
188,-0.22733640235083324,0.22733640235083324
255,-0.22700740057677585,0.22700740057677585
75,0.22393792110179336,0.22393792110179336
258,0.2210351292037394,0.2210351292037394
38,-0.2170407101904681,0.2170407101904681
286,0.2150863112408909,0.2150863112408909
176,-0.21301593679491665,0.21301593679491665
136,0.21287673422495854,0.21287673422495854
322,0.21218594865246962,0.21218594865246962
329,0.21192549933949542,0.21192549933949542
275,-0.2117452623751923,0.2117452623751923
120,0.20971627673614943,0.20971627673614943
111,-0.2076292204114686,0.2076292204114686
243,0.20749316278891666,0.20749316278891666
25,0.20712594370461723,0.20712594370461723
144,0.20388807434430242,0.20388807434430242
216,0.19950860681950322,0.19950860681950322
171,0.1994162302654746,0.1994162302654746
257,-0.19916314277729086,0.19916314277729086
339,0.19751610541636114,0.19751610541636114
165,0.1971254824206074,0.1971254824206074
104,0.1960486554891473,0.1960486554891473
249,-0.1931133233120045,0.1931133233120045
11,0.1879063855953523,0.1879063855953523
160,-0.18109376894041776,0.18109376894041776
50,0.1762092812135702,0.1762092812135702
92,0.17422434267428166,0.17422434267428166
21,-0.17400441252231755,0.17400441252231755
237,-0.1731793698829859,0.1731793698829859
19,-0.17121342955256194,0.17121342955256194
366,-0.16758550944782408,0.16758550944782408
263,0.1666175134768695,0.1666175134768695
250,-0.16587659436810423,0.16587659436810423
230,-0.16376233897055084,0.16376233897055084
87,0.16055764389683258,0.16055764389683258
83,0.15873806452362255,0.15873806452362255
20,0.15637123386874283,0.15637123386874283
60,-0.15277519505515316,0.15277519505515316
168,-0.15013604278186796,0.15013604278186796
324,-0.14846140425441814,0.14846140425441814
242,-0.1461083805058455,0.1461083805058455
118,0.13921281101285116,0.13921281101285116
138,-0.13684158684192566,0.13684158684192566
85,0.13287392315506125,0.13287392315506125
39,-0.13275607424093477,0.13275607424093477
199,-0.13254124698134762,0.13254124698134762
113,-0.13202876249510087,0.13202876249510087
379,-0.1256840363632827,0.1256840363632827
285,-0.11896691162312355,0.11896691162312355
222,0.11749051762402263,0.11749051762402263
374,0.11666177085732372,0.11666177085732372
3,0.11171508809763127,0.11171508809763127
57,-0.11170434853534597,0.11170434853534597
358,-0.1107368365440375,0.1107368365440375
80,-0.11057611049179412,0.11057611049179412
7,0.10648171287276069,0.10648171287276069
372,-0.10537907393712809,0.10537907393712809
376,-0.10524517413493886,0.10524517413493886
204,-0.10428012719839594,0.10428012719839594
300,-0.0972027027631773,0.0972027027631773
147,0.09714793429289342,0.09714793429289342
179,-0.09659116300445267,0.09659116300445267
313,-0.09588784491492768,0.09588784491492768
175,-0.09577955606136337,0.09577955606136337
137,0.09566806826265385,0.09566806826265385
48,-0.09249076627948953,0.09249076627948953
26,0.08992349039734099,0.08992349039734099
201,0.08895897176790221,0.08895897176790221
212,-0.08773820964528559,0.08773820964528559
14,-0.08715278208810956,0.08715278208810956
37,0.0812196138097492,0.0812196138097492
209,0.07912019116892664,0.07912019116892664
70,0.07899427674946383,0.07899427674946383
99,0.0768591737483508,0.0768591737483508
301,0.0742375113350789,0.0742375113350789
161,-0.06487786721913513,0.06487786721913513
103,-0.06158126974541384,0.06158126974541384
309,-0.057300705797614274,0.057300705797614274
192,-0.04256670924604501,0.04256670924604501
155,0.0414503128819916,0.0414503128819916
215,-0.040838802567892615,0.040838802567892615
299,0.0388532817929465,0.0388532817929465
232,0.03850405642249861,0.03850405642249861
15,0.036949684968671896,0.036949684968671896
22,-0.030841265803507555,0.030841265803507555
164,0.029769732957788207,0.029769732957788207
268,0.029206838919522728,0.029206838919522728
180,-0.02788375203987147,0.02788375203987147
88,0.02320273100007454,0.02320273100007454
326,-0.022664543803169023,0.022664543803169023
281,0.020025750997966347,0.020025750997966347
148,0.01785147599172562,0.01785147599172562
247,-0.015559054639784003,0.015559054639784003
105,-0.015002330557490383,0.015002330557490383
189,0.013786594432125512,0.013786594432125512
195,-0.010379006766546711,0.010379006766546711
337,-0.007880883284253284,0.007880883284253284
206,-0.005085036344609757,0.005085036344609757
61,-0.0024010163466508076,0.0024010163466508076
320,-5.022526617485936e-07,5.022526617485936e-07
224,-8.518037090063771e-32,8.518037090063771e-32
128,8.458343049475242e-32,8.458343049475242e-32
