issue_number,pr_number
326751,326748
326751,326764
326724,326899
326712,327160
326710,326711
326710,335989
326702,326722
326701,327495
326694,326697
326681,326785
326680,331079
326672,326673
326659,326846
326658,326660
326657,325365
326657,329701
326656,326845
326655,326844
326654,329701
326653,327481
326647,326650
326646,326652
326646,328451
326645,330777
326644,326649
326643,326651
326640,326642
326639,326641
326634,326768
326634,326902
326633,326638
326632,326637
326631,326635
326630,327425
326622,322874
326622,330223
326607,327089
326604,328363
326593,326600
326555,327495
326539,10052
326539,10053
326538,335363
326525,326535
326523,327192
326495,326851
326495,335450
326491,326496
326491,326502
326491,8860
326491,327255
326474,327206
326474,327389
326464,327883
326464,332093
326462,329219
326459,326454
326440,327298
