developer,files_touched,commits,changes,file_share,commit_share,change_share,developer_concentration,bottleneck_score,risk_level,evidence
roblourens,5849,1091,2893345,0.5222321428571428,0.06994486472624696,0.09244386589869981,0.2282069578273632,22.82069578273632,HIGH,"Observed contribution across 5849 files, 1091 commits, and 2893345 changes."
sandy081,5762,856,2105324,0.5144642857142857,0.05487883061931017,0.06726618828010979,0.2122031015379019,21.22031015379019,HIGH,"Observed contribution across 5762 files, 856 commits, and 2105324 changes."
dmitrivMS,5337,637,3604390,0.47651785714285716,0.040838569047313755,0.11516212059281371,0.2108395155943282,21.08395155943282,HIGH,"Observed contribution across 5337 files, 637 commits, and 3604390 changes."
meganrogge,4584,1348,1729972,0.4092857142857143,0.08642133606872676,0.05527349817477884,0.1836601828430733,18.36601828430733,MEDIUM,"Observed contribution across 4584 files, 1348 commits, and 1729972 changes."
connor4312,4087,499,1024001,0.3649107142857143,0.031991280933453006,0.0327173603991693,0.14320645187277886,14.320645187277886,MEDIUM,"Observed contribution across 4087 files, 499 commits, and 1024001 changes."
lramos15,3974,389,704158,0.35482142857142857,0.024939094755737915,0.022498211489987076,0.1340862449390512,13.40862449390512,MEDIUM,"Observed contribution across 3974 files, 389 commits, and 704158 changes."
Copilot,3840,500,723859,0.34285714285714286,0.03205539171688678,0.023127668606946955,0.13268006772699217,13.268006772699218,MEDIUM,"Observed contribution across 3840 files, 500 commits, and 723859 changes."
benibenj,3742,660,650729,0.3341071428571429,0.04231311706629055,0.020791127367249678,0.13240379576356104,13.240379576356103,MEDIUM,"Observed contribution across 3742 files, 660 commits, and 650729 changes."
justschen,3790,414,712731,0.33839285714285716,0.026541864341582254,0.022772123264196358,0.1292356149162119,12.923561491621191,MEDIUM,"Observed contribution across 3790 files, 414 commits, and 712731 changes."
aeschli,3606,227,894227,0.3219642857142857,0.014553147839466598,0.028571014127591637,0.12169614922711465,12.169614922711466,MEDIUM,"Observed contribution across 3606 files, 227 commits, and 894227 changes."
SimonSiefke,3470,164,1118654,0.3098214285714286,0.010514168483138865,0.03574157259609349,0.11869238988355364,11.869238988355365,MEDIUM,"Observed contribution across 3470 files, 164 commits, and 1118654 changes."
mrleemurray,3245,467,465883,0.2897321428571429,0.029939735863572254,0.014885202275042886,0.111519026998586,11.1519026998586,MEDIUM,"Observed contribution across 3245 files, 467 commits, and 465883 changes."
dileepyavan,3263,173,509604,0.2913392857142857,0.011091165534042826,0.01628211078783934,0.10623752067872262,10.623752067872262,MEDIUM,"Observed contribution across 3263 files, 173 commits, and 509604 changes."
vritant24,3203,275,406882,0.28598214285714285,0.01763046544428773,0.013000089876801686,0.10553756605941074,10.553756605941073,MEDIUM,"Observed contribution across 3203 files, 275 commits, and 406882 changes."
benvillalobos,3123,292,534511,0.27883928571428573,0.01872034876266188,0.017077902291423915,0.10487917892279051,10.487917892279052,MEDIUM,"Observed contribution across 3123 files, 292 commits, and 534511 changes."
rzhao271,2925,137,660446,0.2611607142857143,0.008783177330426977,0.02110159053183519,0.09701516071599216,9.701516071599215,LOW,"Observed contribution across 2925 files, 137 commits, and 660446 changes."
dbaeumer,2790,113,470663,0.24910714285714286,0.007244518528016412,0.015037925741824686,0.09046319570899464,9.046319570899463,LOW,"Observed contribution across 2790 files, 113 commits, and 470663 changes."
Giuspepe,2569,257,459040,0.229375,0.016476471342479804,0.014666564893622834,0.08683934541203421,8.68393454120342,LOW,"Observed contribution across 2569 files, 257 commits, and 459040 changes."
devops2626,2668,41,461219,0.2382142857142857,0.002628542120784716,0.014736185068124411,0.08519300430106495,8.519300430106496,LOW,"Observed contribution across 2668 files, 41 commits, and 461219 changes."
vijayupadya,2347,151,341800,0.20955357142857142,0.009680728298499808,0.010920686390380543,0.07671832870581725,7.671832870581725,LOW,"Observed contribution across 2347 files, 151 commits, and 341800 changes."
alexr00,2345,141,340500,0.209375,0.009039620464162072,0.010879150719498463,0.07643125706122018,7.643125706122018,LOW,"Observed contribution across 2345 files, 141 commits, and 340500 changes."
pwang347,2248,201,259079,0.2007142857142857,0.012886267470188485,0.00827770775112171,0.0739594203118653,7.39594203118653,LOW,"Observed contribution across 2248 files, 201 commits, and 259079 changes."
aiday-mar,2251,167,248876,0.20098214285714286,0.010706500833440184,0.007951716635729515,0.07321345344210418,7.321345344210418,LOW,"Observed contribution across 2251 files, 167 commits, and 248876 changes."
DonJayamanne,2122,294,321528,0.18946428571428572,0.018848570329529427,0.010272985528748611,0.07286194719085459,7.28619471908546,LOW,"Observed contribution across 2122 files, 294 commits, and 321528 changes."
ulugbekna,1810,383,292713,0.16160714285714287,0.024554430055135273,0.009352331408389291,0.06517130144022247,6.517130144022247,LOW,"Observed contribution across 1810 files, 383 commits, and 292713 changes."
hawkticehurst,1977,145,228515,0.17651785714285714,0.009296063597897166,0.007301172178167963,0.06437169763964076,6.437169763964076,LOW,"Observed contribution across 1977 files, 145 commits, and 228515 changes."
anthonykim1,1852,252,207444,0.16535714285714287,0.016155917425310938,0.006627942854201584,0.06271366771221847,6.271366771221847,LOW,"Observed contribution across 1852 files, 252 commits, and 207444 changes."
digitarald,1899,88,288751,0.16955357142857144,0.005641748942172073,0.00922574346374714,0.06147368794483021,6.147368794483022,LOW,"Observed contribution across 1899 files, 88 commits, and 288751 changes."
amunger,1686,164,238014,0.15053571428571427,0.010514168483138865,0.0076046701302517105,0.05621818429970161,5.621818429970161,LOW,"Observed contribution across 1686 files, 164 commits, and 238014 changes."
osortega,1693,158,171375,0.1511607142857143,0.010129503782536223,0.005475519690320262,0.05558857925285692,5.558857925285692,LOW,"Observed contribution across 1693 files, 158 commits, and 171375 changes."
cipheraxat,1686,93,217177,0.15053571428571427,0.005962302859340941,0.006938917227044105,0.0544789781240331,5.44789781240331,LOW,"Observed contribution across 1686 files, 93 commits, and 217177 changes."
TylerLeonhardt,1605,213,196405,0.14330357142857142,0.013655596871393769,0.006275241107380604,0.0544114698024486,5.441146980244859,LOW,"Observed contribution across 1605 files, 213 commits, and 196405 changes."
jyje,1716,29,236613,0.15321428571428572,0.0018592127195794332,0.007559907457247254,0.054211135297037465,5.421113529703747,LOW,"Observed contribution across 1716 files, 29 commits, and 236613 changes."
sukumarp2022,1749,20,137124,0.1561607142857143,0.0012822156686754713,0.004381182564641725,0.05394137083967717,5.394137083967717,LOW,"Observed contribution across 1749 files, 20 commits, and 137124 changes."
mcumming,1665,100,203861,0.14866071428571428,0.006411078343377356,0.006513464155147361,0.05386175226141301,5.386175226141301,LOW,"Observed contribution across 1665 files, 100 commits, and 203861 changes."
joshspicer,1543,219,162702,0.13776785714285714,0.01404026157199641,0.005198412864504667,0.052335510526452744,5.233551052645274,LOW,"Observed contribution across 1543 files, 219 commits, and 162702 changes."
bryanchen-d,1641,67,173067,0.14651785714285714,0.004295422490062829,0.005529579963499091,0.05211428653213968,5.211428653213968,LOW,"Observed contribution across 1641 files, 67 commits, and 173067 changes."
kycutler,1592,85,152070,0.14214285714285715,0.005449416591870752,0.004858714977721384,0.0508169962374831,5.08169962374831,LOW,"Observed contribution across 1592 files, 85 commits, and 152070 changes."
lszomoru,1533,140,131484,0.136875,0.008975509680728298,0.004200981654045627,0.05001716377825797,5.0017163778257965,LOW,"Observed contribution across 1533 files, 140 commits, and 131484 changes."
hediet,1427,185,152216,0.1274107142857143,0.011860494935248109,0.004863379753066602,0.048044862991343,4.8044862991343,LOW,"Observed contribution across 1427 files, 185 commits, and 152216 changes."
chrmarti,1409,140,160765,0.12580357142857143,0.008975509680728298,0.005136524714890369,0.04663853527473003,4.6638535274730035,LOW,"Observed contribution across 1409 files, 140 commits, and 160765 changes."
myselfsiddharth,1455,20,189063,0.1299107142857143,0.0012822156686754713,0.006040660418445046,0.04574453012427828,4.574453012427828,LOW,"Observed contribution across 1455 files, 20 commits, and 189063 changes."
CreatorZZY,1382,18,121296,0.12339285714285714,0.001153994101807924,0.003875469796394378,0.04280744034701981,4.280744034701981,LOW,"Observed contribution across 1382 files, 18 commits, and 121296 changes."
matthewcorven,1355,10,158188,0.12098214285714286,0.0006411078343377356,0.005054188234995662,0.042225812975492084,4.222581297549208,LOW,"Observed contribution across 1355 files, 10 commits, and 158188 changes."
NguyenCuong1989,1272,13,215547,0.11357142857142857,0.0008334401846390563,0.006886837885861191,0.04043056888064294,4.043056888064294,LOW,"Observed contribution across 1272 files, 13 commits, and 215547 changes."
cwebster-99,1181,36,194928,0.10544642857142857,0.002307988203615848,0.00622805019515535,0.03799415565673325,3.7994155656733253,LOW,"Observed contribution across 1181 files, 36 commits, and 194928 changes."
jruales,1098,200,93241,0.09803571428571428,0.012822156686754712,0.0029790980682430435,0.037945656346904014,3.7945656346904015,LOW,"Observed contribution across 1098 files, 200 commits, and 93241 changes."
Ayush-kathil,1102,15,133645,0.09839285714285714,0.0009616617515066034,0.004270026719258068,0.03454151520454061,3.4541515204540607,LOW,"Observed contribution across 1102 files, 15 commits, and 133645 changes."
dsavy4,984,13,116642,0.08785714285714286,0.0008334401846390563,0.003726772094636534,0.03080578504547282,3.0805785045472818,LOW,"Observed contribution across 984 files, 13 commits, and 116642 changes."
arpankanwer,983,11,64932,0.08776785714285715,0.0007052186177715092,0.0020746109090116717,0.030182562223213444,3.0182562223213445,LOW,"Observed contribution across 983 files, 11 commits, and 64932 changes."
ipanasenko,934,5,121072,0.08339285714285714,0.0003205539171688678,0.003868312880796235,0.029193907980274086,2.9193907980274085,LOW,"Observed contribution across 934 files, 5 commits, and 121072 changes."
bstee615,888,56,79615,0.07928571428571428,0.0035902038722913196,0.0025437403363667258,0.02847321949812411,2.847321949812411,LOW,"Observed contribution across 888 files, 56 commits, and 79615 changes."
bwateratmsft,855,7,96712,0.07633928571428572,0.00044877548403641495,0.003089998309498195,0.026626019835940113,2.662601983594011,LOW,"Observed contribution across 855 files, 7 commits, and 96712 changes."
ktsoator,841,10,64035,0.07508928571428572,0.0006411078343377356,0.002045951296103037,0.0259254482815755,2.59254482815755,LOW,"Observed contribution across 841 files, 10 commits, and 64035 changes."
bhavyaus,708,157,134741,0.06321428571428571,0.01006539299910245,0.004305044484863268,0.02586157439941714,2.586157439941714,LOW,"Observed contribution across 708 files, 157 commits, and 134741 changes."
eli-w-king,806,55,59202,0.07196428571428572,0.003526093088857546,0.0018915344519698915,0.025793971085037715,2.5793971085037715,LOW,"Observed contribution across 806 files, 55 commits, and 59202 changes."
rfeltis,821,25,68648,0.07330357142857143,0.001602769585844339,0.002193339026702292,0.025699893347039354,2.5699893347039353,LOW,"Observed contribution across 821 files, 25 commits, and 68648 changes."
TuguiDragos,809,8,103173,0.07223214285714286,0.0005128862674701885,0.0032964305937821293,0.025347153239465056,2.5347153239465054,LOW,"Observed contribution across 809 files, 8 commits, and 103173 changes."
arvindashtekar,806,5,74356,0.07196428571428572,0.0003205539171688678,0.0023757125723906838,0.02488685073461509,2.488685073461509,LOW,"Observed contribution across 806 files, 5 commits, and 74356 changes."
SparshGarg999,780,7,109515,0.06964285714285715,0.00044877548403641495,0.0034990607666545498,0.024530231131182703,2.4530231131182703,LOW,"Observed contribution across 780 files, 7 commits, and 109515 changes."
chryw,705,113,98398,0.06294642857142857,0.007244518528016412,0.0031438668795806457,0.02444493799300854,2.444493799300854,LOW,"Observed contribution across 705 files, 113 commits, and 98398 changes."
vs-code-engineering[bot],537,367,35777,0.04794642857142857,0.023528657520194896,0.0011430936131908856,0.024206059901604782,2.420605990160478,LOW,"Observed contribution across 537 files, 367 commits, and 35777 changes."
lulujs,659,93,76337,0.05883928571428571,0.005962302859340941,0.0024390065447117597,0.022413531706112804,2.2413531706112804,LOW,"Observed contribution across 659 files, 93 commits, and 76337 changes."
jadefr,680,25,78923,0.060714285714285714,0.001602769585844339,0.0025216305792510347,0.02161289529312703,2.161289529312703,LOW,"Observed contribution across 680 files, 25 commits, and 78923 changes."
KlausKollerKroeff,694,12,59493,0.061964285714285715,0.0007693294012052828,0.0019008320521442647,0.021544815722545088,2.1544815722545088,LOW,"Observed contribution across 694 files, 12 commits, and 59493 changes."
houghj16,669,51,41315,0.05973214285714286,0.0032696499551224515,0.0013200355711485434,0.02144060946113795,2.144060946113795,LOW,"Observed contribution across 669 files, 51 commits, and 41315 changes."
Fahad090NP,642,31,118612,0.05732142857142857,0.0019874342864469804,0.0037897146112809157,0.02103285915638549,2.103285915638549,LOW,"Observed contribution across 642 files, 31 commits, and 118612 changes."
AnupamKumar-1,668,8,57844,0.05964285714285714,0.0005128862674701885,0.00184814565115615,0.020667963020494496,2.0667963020494495,LOW,"Observed contribution across 668 files, 8 commits, and 57844 changes."
hd-o,650,4,65940,0.05803571428571429,0.00025644313373509426,0.0021068170292033147,0.020132991482884232,2.0132991482884233,LOW,"Observed contribution across 650 files, 4 commits, and 65940 changes."
zmr-233,626,8,38913,0.05589285714285714,0.0005128862674701885,0.001243290431564886,0.019216344613964074,1.9216344613964074,LOW,"Observed contribution across 626 files, 8 commits, and 38913 changes."
Mir Imad Ahmed,603,24,52995,0.053839285714285715,0.0015386588024105655,0.0016932175987659944,0.019023720705154092,1.9023720705154092,LOW,"Observed contribution across 603 files, 24 commits, and 52995 changes."
kzhgit,602,4,47059,0.05375,0.00025644313373509426,0.0015035593354152076,0.018503334156383434,1.8503334156383433,LOW,"Observed contribution across 602 files, 4 commits, and 47059 changes."
Genius740Code,585,12,43730,0.05223214285714286,0.0007693294012052828,0.0013971960674410216,0.01813288944192972,1.813288944192972,LOW,"Observed contribution across 585 files, 12 commits, and 43730 changes."
sean-mcmanus,557,11,62101,0.04973214285714286,0.0007052186177715092,0.0019841589980369285,0.017473840157650432,1.747384015765043,LOW,"Observed contribution across 557 files, 11 commits, and 62101 changes."
AmariahAK,520,2,70091,0.04642857142857143,0.00012822156686754713,0.0022394436213814006,0.016265412205606792,1.6265412205606793,LOW,"Observed contribution across 520 files, 2 commits, and 70091 changes."
nicezic,529,3,38945,0.047232142857142854,0.0001923323503013207,0.0012443128480789066,0.016222929351841026,1.6222929351841024,LOW,"Observed contribution across 529 files, 3 commits, and 38945 changes."
martincheck,518,9,34764,0.04625,0.000576997050903962,0.0011107277404189268,0.01597924159710763,1.597924159710763,LOW,"Observed contribution across 518 files, 9 commits, and 34764 changes."
koubaki,518,3,41948,0.04625,0.0001923323503013207,0.0013402602478165097,0.015927530866039277,1.5927530866039277,LOW,"Observed contribution across 518 files, 3 commits, and 41948 changes."
Frankenstein-Labs,507,9,51242,0.045267857142857144,0.000576997050903962,0.0016372083441073136,0.015827354179289474,1.5827354179289475,LOW,"Observed contribution across 507 files, 9 commits, and 51242 changes."
a1exmozz,500,6,64632,0.044642857142857144,0.0003846647006026414,0.0020650257541927303,0.01569751586588417,1.5697515865884168,LOW,"Observed contribution across 500 files, 6 commits, and 64632 changes."
100jinwoo001,502,4,52233,0.044821428571428575,0.00025644313373509426,0.0016688713055258834,0.015582247670229851,1.5582247670229852,LOW,"Observed contribution across 502 files, 4 commits, and 52233 changes."
RyanEwen,419,123,37336,0.03741071428571428,0.007885626362354148,0.0011929044677333176,0.015496415038600582,1.5496415038600582,LOW,"Observed contribution across 419 files, 123 commits, and 37336 changes."
lfraleigh,474,18,77449,0.04232142857142857,0.001153994101807924,0.0024745355185739693,0.015316652730603487,1.5316652730603488,LOW,"Observed contribution across 474 files, 18 commits, and 77449 changes."
Yoyokrazy,486,7,13377,0.04339285714285714,0.00044877548403641495,0.000427402053376596,0.014756344893423383,1.4756344893423383,LOW,"Observed contribution across 486 files, 7 commits, and 13377 changes."
simonl65,466,3,42116,0.041607142857142856,0.0001923323503013207,0.0013456279345151168,0.014381701047319765,1.4381701047319764,LOW,"Observed contribution across 466 files, 3 commits, and 42116 changes."
Cab14bacc,456,4,35584,0.04071428571428572,0.00025644313373509426,0.0011369271635907,0.014035885337203837,1.4035885337203837,LOW,"Observed contribution across 456 files, 4 commits, and 35584 changes."
YuhongZeng,456,3,27057,0.04071428571428572,0.0001923323503013207,0.0008644851131203229,0.013923701059235787,1.3923701059235787,LOW,"Observed contribution across 456 files, 3 commits, and 27057 changes."
github-actions[bot],354,139,30618,0.031607142857142854,0.008911398897294524,0.000978260900821157,0.013832267551752845,1.3832267551752846,LOW,"Observed contribution across 354 files, 139 commits, and 30618 changes."
juninmd,425,8,21423,0.03794642857142857,0.0005128862674701885,0.0006844759056206038,0.01304793024817312,1.304793024817312,LOW,"Observed contribution across 425 files, 8 commits, and 21423 changes."
kunalpandey1,416,6,43443,0.037142857142857144,0.0003846647006026414,0.001388026269330901,0.012971849370930226,1.2971849370930226,LOW,"Observed contribution across 416 files, 6 commits, and 43443 changes."
RajeshKumar11,395,8,45081,0.03526785714285714,0.0005128862674701885,0.0014403612146423209,0.012407034874989883,1.2407034874989884,LOW,"Observed contribution across 395 files, 8 commits, and 45081 changes."
John-Wangson,370,23,71890,0.033035714285714286,0.001474548018976792,0.0022969225997789854,0.012269061634823353,1.2269061634823353,LOW,"Observed contribution across 370 files, 23 commits, and 71890 changes."
rwoll,381,24,11470,0.03401785714285714,0.0015386588024105655,0.000366472419244192,0.0119743294548373,1.19743294548373,LOW,"Observed contribution across 381 files, 24 commits, and 11470 changes."
Bosphoramus,390,8,16705,0.03482142857142857,0.0005128862674701885,0.000533733370834719,0.01195601606991116,1.195601606991116,LOW,"Observed contribution across 390 files, 8 commits, and 16705 changes."
YVbakker,373,6,23127,0.033303571428571425,0.0003846647006026414,0.0007389195849921909,0.011475718571388752,1.147571857138875,LOW,"Observed contribution across 373 files, 6 commits, and 23127 changes."
MortMH,361,8,30951,0.032232142857142855,0.0005128862674701885,0.0009889004226701819,0.011244643182427743,1.1244643182427743,LOW,"Observed contribution across 361 files, 8 commits, and 30951 changes."
PathGao,362,5,26663,0.03232142857142857,0.0003205539171688678,0.0008518966097914465,0.011164626366129629,1.1164626366129629,LOW,"Observed contribution across 362 files, 5 commits, and 26663 changes."
sandersaares,328,36,28119,0.029285714285714286,0.002307988203615848,0.0008984165611793753,0.010830706350169835,1.0830706350169834,LOW,"Observed contribution across 328 files, 36 commits, and 28119 changes."
nguyenvanduc208,342,6,33285,0.030535714285714284,0.0003846647006026414,0.0010634729271615459,0.010661283971159492,1.0661283971159492,LOW,"Observed contribution across 342 files, 6 commits, and 33285 changes."
RohithPariki,323,31,17248,0.028839285714285713,0.0019874342864469804,0.0005510825010570029,0.010459267500596565,1.0459267500596565,LOW,"Observed contribution across 323 files, 31 commits, and 17248 changes."
liangmiQwQ,325,5,51196,0.029017857142857144,0.0003205539171688678,0.0016357386203684093,0.010324716560131474,1.0324716560131473,LOW,"Observed contribution across 325 files, 5 commits, and 51196 changes."
unbadfish,323,9,32637,0.028839285714285713,0.000576997050903962,0.0010427689927526324,0.010153017252647436,1.0153017252647436,LOW,"Observed contribution across 323 files, 9 commits, and 32637 changes."
matbmoser,325,9,25545,0.029017857142857144,0.000576997050903962,0.0008161759328328583,0.010137010042197988,1.013701004219799,LOW,"Observed contribution across 325 files, 9 commits, and 25545 changes."
LuckysHorizon,326,11,17590,0.029107142857142856,0.0007052186177715092,0.0005620095775505961,0.010124790350821653,1.0124790350821653,LOW,"Observed contribution across 326 files, 11 commits, and 17590 changes."
jonkloske,324,5,32845,0.02892857142857143,0.0003205539171688678,0.0010494147000937651,0.010099513348611354,1.0099513348611355,LOW,"Observed contribution across 324 files, 5 commits, and 32845 changes."
Sravan1011,327,6,18930,0.02919642857142857,0.0003846647006026414,0.0006048232690752009,0.010061972180368804,1.0061972180368803,LOW,"Observed contribution across 327 files, 6 commits, and 18930 changes."
kakiuwang-ui,316,6,37882,0.028214285714285713,0.0003846647006026414,0.0012103494495037908,0.009936433288130715,0.9936433288130715,LOW,"Observed contribution across 316 files, 6 commits, and 37882 changes."
MythUp,314,8,22333,0.028035714285714285,0.0005128862674701885,0.0007135508752380593,0.009754050476140844,0.9754050476140844,LOW,"Observed contribution across 314 files, 8 commits, and 22333 changes."
nengelmann,318,4,15133,0.028392857142857143,0.00025644313373509426,0.0004835071595834662,0.009710935812058568,0.9710935812058569,LOW,"Observed contribution across 318 files, 4 commits, and 15133 changes."
zainnadeem786,310,9,27390,0.027678571428571427,0.000576997050903962,0.0008751246349693478,0.009710231038148246,0.9710231038148246,LOW,"Observed contribution across 310 files, 9 commits, and 27390 changes."
DanielRosenwasser,306,8,38258,0.027321428571428573,0.0005128862674701885,0.0012223628435435309,0.009685559227480765,0.9685559227480764,LOW,"Observed contribution across 306 files, 8 commits, and 38258 changes."
filipw,306,4,42168,0.027321428571428573,0.00025644313373509426,0.0013472893613504001,0.00964172035550469,0.9641720355504689,LOW,"Observed contribution across 306 files, 4 commits, and 42168 changes."
vsimoesbh,309,7,26340,0.027589285714285715,0.00044877548403641495,0.000841576593103053,0.00962654593047506,0.962654593047506,LOW,"Observed contribution across 309 files, 7 commits, and 26340 changes."
ousamabenyounes,311,9,16590,0.027767857142857143,0.000576997050903962,0.0005300590614874582,0.009624971085082853,0.9624971085082854,LOW,"Observed contribution across 311 files, 9 commits, and 16590 changes."
0x5t4l1n,307,6,31929,0.027410714285714285,0.0003846647006026414,0.0010201480273799308,0.009605175671232286,0.9605175671232286,LOW,"Observed contribution across 307 files, 6 commits, and 31929 changes."
dobbydobap,306,9,27034,0.027321428571428573,0.000576997050903962,0.0008637502512508707,0.009587391957861135,0.9587391957861134,LOW,"Observed contribution across 306 files, 9 commits, and 27034 changes."
wriglz,309,4,20197,0.027589285714285715,0.00025644313373509426,0.0006453045729271967,0.009497011140316003,0.9497011140316003,LOW,"Observed contribution across 309 files, 4 commits, and 20197 changes."
Alexoswin,308,6,18335,0.0275,0.0003846647006026414,0.0005858127120176339,0.009490159137540092,0.9490159137540092,LOW,"Observed contribution across 308 files, 6 commits, and 18335 changes."
Benny Neugebauer,310,3,18597,0.027678571428571427,0.0001923323503013207,0.000594183747226176,0.00948836250869964,0.948836250869964,LOW,"Observed contribution across 310 files, 3 commits, and 18597 changes."
Ultron09,306,7,21422,0.027321428571428573,0.00044877548403641495,0.0006844439551045407,0.009484882670189843,0.9484882670189843,LOW,"Observed contribution across 306 files, 7 commits, and 21422 changes."
sukurcf,307,4,22103,0.027410714285714285,0.00025644313373509426,0.0007062022565435376,0.009457786558664305,0.9457786558664305,LOW,"Observed contribution across 307 files, 4 commits, and 22103 changes."
gwwar,303,4,32501,0.02705357142857143,0.00025644313373509426,0.0010384237225680457,0.009449479428291524,0.9449479428291524,LOW,"Observed contribution across 303 files, 4 commits, and 32501 changes."
jamestut,302,2,38522,0.026964285714285715,0.00012822156686754713,0.0012307977797841993,0.009441101686979153,0.9441101686979153,LOW,"Observed contribution across 302 files, 2 commits, and 38522 changes."
jibin7jose,303,4,28869,0.02705357142857143,0.00025644313373509426,0.0009223794482267288,0.009410798003511084,0.9410798003511084,LOW,"Observed contribution across 303 files, 4 commits, and 28869 changes."
nsfxdyj,306,6,15113,0.027321428571428573,0.0003846647006026414,0.00048286814926220347,0.009396320473764474,0.9396320473764473,LOW,"Observed contribution across 306 files, 6 commits, and 15113 changes."
midnights-ra1n,39,1,768347,0.0034821428571428573,6.411078343377356e-05,0.024549083165563836,0.009365112268713489,0.9365112268713489,LOW,"Observed contribution across 39 files, 1 commits, and 768347 changes."
Sudhanva10,307,2,16181,0.027410714285714285,0.00012822156686754713,0.0005169913004176347,0.009351975717666489,0.9351975717666489,LOW,"Observed contribution across 307 files, 2 commits, and 16181 changes."
conwnet,302,3,27463,0.026964285714285715,0.0001923323503013207,0.0008774570226419569,0.009344691695742997,0.9344691695742997,LOW,"Observed contribution across 302 files, 3 commits, and 27463 changes."
Davixk,307,3,11668,0.027410714285714285,0.0001923323503013207,0.0003727986214246933,0.009325281752480099,0.9325281752480099,LOW,"Observed contribution across 307 files, 3 commits, and 11668 changes."
IkeStudios,302,2,23487,0.026964285714285715,0.00012822156686754713,0.0007504217707749205,0.009280976350642728,0.9280976350642728,LOW,"Observed contribution across 302 files, 2 commits, and 23487 changes."
xia-chao,304,3,12815,0.027142857142857142,0.0001923323503013207,0.0004094458633491125,0.009248211785502525,0.9248211785502525,LOW,"Observed contribution across 304 files, 3 commits, and 12815 changes."
WahidSaeed,302,2,20225,0.026964285714285715,0.00012822156686754713,0.0006461991873769645,0.009246235489510075,0.9246235489510075,LOW,"Observed contribution across 302 files, 2 commits, and 20225 changes."
Diyor-Khasanov-dev,303,2,16281,0.02705357142857143,0.00012822156686754713,0.0005201863520239486,0.009233993115820975,0.9233993115820975,LOW,"Observed contribution across 303 files, 2 commits, and 16281 changes."
Aniket-a14,301,2,21761,0.026875,0.00012822156686754713,0.0006952751800499444,0.009232832248972497,0.9232832248972497,LOW,"Observed contribution across 301 files, 2 commits, and 21761 changes."
ymaldor1,302,2,17257,0.026964285714285715,0.00012822156686754713,0.0005513700557015712,0.00921462577895161,0.9214625778951611,LOW,"Observed contribution across 302 files, 2 commits, and 17257 changes."
andrejhabic100-boop,300,1,23559,0.026785714285714284,6.411078343377356e-05,0.0007527222079314664,0.00920084909235984,0.9200849092359841,LOW,"Observed contribution across 300 files, 1 commits, and 23559 changes."
NAVEENKUMARKR777,301,2,18064,0.026875,0.00012822156686754713,0.0005771541221645235,0.00919345856301069,0.919345856301069,LOW,"Observed contribution across 301 files, 2 commits, and 18064 changes."
mateusabelli,301,2,15503,0.026875,0.00012822156686754713,0.0004953288505268273,0.009166183472464791,0.9166183472464791,LOW,"Observed contribution across 301 files, 2 commits, and 15503 changes."
miku1958,300,1,18641,0.026785714285714284,6.411078343377356e-05,0.0005955895699329541,0.009148471546360337,0.9148471546360337,LOW,"Observed contribution across 300 files, 1 commits, and 18641 changes."
logical-and,300,1,13651,0.026785714285714284,6.411078343377356e-05,0.00043615649477789584,0.009095327187975318,0.9095327187975318,LOW,"Observed contribution across 300 files, 1 commits, and 13651 changes."
alexdima,267,32,15342,0.023839285714285716,0.002051545069880754,0.0004901848174406621,0.008793671867202377,0.8793671867202377,LOW,"Observed contribution across 267 files, 32 commits, and 15342 changes."
juliagongms,259,11,56064,0.023125,0.0007052186177715092,0.0017912737325637648,0.008540497450111758,0.8540497450111758,LOW,"Observed contribution across 259 files, 11 commits, and 56064 changes."
arnohillen,265,7,29619,0.023660714285714285,0.00044877548403641495,0.0009463423352740822,0.00835194403500826,0.8351944035008261,LOW,"Observed contribution across 265 files, 7 commits, and 29619 changes."
GujjetiMokshith,264,3,29605,0.023571428571428573,0.0001923323503013207,0.0009458950280491983,0.008236551983259696,0.8236551983259696,LOW,"Observed contribution across 264 files, 3 commits, and 29605 changes."
demibabs,251,6,22154,0.022410714285714287,0.0003846647006026414,0.0007078317328627576,0.007834403573059897,0.7834403573059897,LOW,"Observed contribution across 251 files, 6 commits, and 22154 changes."
arronKler,236,9,25344,0.02107142857142857,0.000576997050903962,0.0008097538791041676,0.0074860598338122334,0.7486059833812233,LOW,"Observed contribution across 236 files, 9 commits, and 25344 changes."
sbatten,208,37,8864,0.018571428571428572,0.0023720989870496217,0.0002832093743836546,0.007075578977620616,0.7075578977620617,LOW,"Observed contribution across 208 files, 37 commits, and 8864 changes."
Paul Wang,210,17,14006,0.01875,0.0010898833183741504,0.0004474989279803098,0.006762460748784819,0.676246074878482,LOW,"Observed contribution across 210 files, 17 commits, and 14006 changes."
satarupaguha11,201,3,8840,0.01794642857142857,0.0001923323503013207,0.00028244256199813926,0.0061404011612426765,0.6140401161242677,LOW,"Observed contribution across 201 files, 3 commits, and 8840 changes."
24anisha,193,7,6501,0.017232142857142856,0.00044877548403641495,0.00020771030492645965,0.005962876215368576,0.5962876215368575,LOW,"Observed contribution across 193 files, 7 commits, and 6501 changes."
LakshayKhattar,195,3,8237,0.017410714285714286,0.0001923323503013207,0.0002631764008120671,0.005955407678942558,0.5955407678942558,LOW,"Observed contribution across 195 files, 3 commits, and 8237 changes."
deepak1556,110,94,7591,0.009821428571428571,0.006026413642774715,0.00024253636743528,0.005363459527212857,0.5363459527212857,LOW,"Observed contribution across 110 files, 94 commits, and 7591 changes."
federicobrancasi,156,25,11972,0.013928571428571429,0.001602769585844339,0.00038251157830788724,0.005304617530907885,0.5304617530907885,LOW,"Observed contribution across 156 files, 25 commits, and 11972 changes."
zhichli,143,43,10570,0.012767857142857143,0.002756763687652263,0.0003377169547873679,0.005287445928432259,0.528744592843226,LOW,"Observed contribution across 143 files, 43 commits, and 10570 changes."
Chethan616,167,2,11067,0.014910714285714286,0.00012822156686754713,0.00035359636127074744,0.005130844071284194,0.5130844071284194,LOW,"Observed contribution across 167 files, 2 commits, and 11067 changes."
aguashui,156,5,4537,0.013928571428571429,0.0003205539171688678,0.00014495949137845678,0.004798028279039585,0.4798028279039585,LOW,"Observed contribution across 156 files, 5 commits, and 4537 changes."
pandupan,149,5,5735,0.013303571428571428,0.0003205539171688678,0.000183236209622096,0.004602453851787464,0.46024538517874636,LOW,"Observed contribution across 149 files, 5 commits, and 5735 changes."
dependabot[bot],59,95,52886,0.005267857142857143,0.006090524426208489,0.0016897349925151124,0.004349372187193582,0.43493721871935814,LOW,"Observed contribution across 59 files, 95 commits, and 52886 changes."
fuentez145,132,1,5792,0.011785714285714287,6.411078343377356e-05,0.00018505738903769485,0.004011627486061918,0.40116274860619183,LOW,"Observed contribution across 132 files, 1 commits, and 5792 changes."
Tiancheng-Xu,122,2,5089,0.010892857142857143,0.00012822156686754713,0.00016259617624530891,0.0037278916286566668,0.37278916286566666,LOW,"Observed contribution across 122 files, 2 commits, and 5089 changes."
michiisai,107,14,5733,0.009553571428571429,0.0008975509680728299,0.00018317230858996974,0.0035447649017447433,0.3544764901744743,LOW,"Observed contribution across 107 files, 14 commits, and 5733 changes."
brandonh-msft,102,18,4103,0.009107142857142857,0.001153994101807924,0.0001310929674070549,0.0034640766421192783,0.3464076642119278,LOW,"Observed contribution across 102 files, 18 commits, and 4103 changes."
silence48,112,3,4205,0.01,0.0001923323503013207,0.00013435192004549498,0.003442228090115605,0.3442228090115605,LOW,"Observed contribution across 112 files, 3 commits, and 4205 changes."
Mohamedsaied8,106,8,9082,0.009464285714285715,0.0005128862674701885,0.00029017458688541866,0.0034224488562137746,0.34224488562137745,LOW,"Observed contribution across 106 files, 8 commits, and 9082 changes."
Alif416,110,3,3815,0.009821428571428571,0.0001923323503013207,0.00012189121878087119,0.0033785507135035875,0.33785507135035875,LOW,"Observed contribution across 110 files, 3 commits, and 3815 changes."
minuschuman,102,9,3427,0.009107142857142857,0.000576997050903962,0.00010949441854837367,0.0032645447755317307,0.3264544775531731,LOW,"Observed contribution across 102 files, 9 commits, and 3427 changes."
openhands-agent,95,6,19829,0.008482142857142856,0.0003846647006026414,0.000633546783015962,0.00316678478025382,0.316678478025382,LOW,"Observed contribution across 95 files, 6 commits, and 19829 changes."
a564559583,73,40,3096,0.006517857142857143,0.0025644313373509426,9.891879773147502e-05,0.0030604024259798536,0.30604024259798535,LOW,"Observed contribution across 73 files, 40 commits, and 3096 changes."
Dmitriy Vasyura,82,21,5875,0.007321428571428572,0.0013463264521092447,0.00018770928187093533,0.0029518214351362507,0.2951821435136251,LOW,"Observed contribution across 82 files, 21 commits, and 5875 changes."
Carrotstudiosoftwarehouse,94,3,6122,0.008392857142857143,0.0001923323503013207,0.00019560105933853037,0.002926930184165665,0.2926930184165665,LOW,"Observed contribution across 94 files, 3 commits, and 6122 changes."
OskarEichler,89,3,6972,0.007946428571428571,0.0001923323503013207,0.00022275899799219763,0.00278717330657403,0.278717330657403,LOW,"Observed contribution across 89 files, 3 commits, and 6972 changes."
Arthur Cnops,40,55,9605,0.0035714285714285713,0.003526093088857546,0.00030688470678643976,0.0024681354556908524,0.24681354556908525,LOW,"Observed contribution across 40 files, 55 commits, and 9605 changes."
denizguney,31,69,1673,0.0027678571428571427,0.004423644056930375,5.345321337362975e-05,0.002414984804387049,0.2414984804387049,LOW,"Observed contribution across 31 files, 69 commits, and 1673 changes."
aaronpk,64,3,3255,0.005714285714285714,0.0001923323503013207,0.00010399892978551395,0.002003538998124183,0.2003538998124183,LOW,"Observed contribution across 64 files, 3 commits, and 3255 changes."
samueltauil,64,2,2070,0.005714285714285714,0.00012822156686754713,6.61375682506955e-05,0.0019695482831346522,0.19695482831346522,LOW,"Observed contribution across 64 files, 2 commits, and 2070 changes."
romalpani,52,15,3036,0.004642857142857143,0.0009616617515066034,9.700176676768674e-05,0.0019005068870438112,0.1900506887043811,LOW,"Observed contribution across 52 files, 15 commits, and 3036 changes."
SpiliosDimakopoulos,55,4,221,0.004910714285714286,0.00025644313373509426,7.061064049953482e-06,0.001724739494499778,0.1724739494499778,LOW,"Observed contribution across 55 files, 4 commits, and 221 changes."
bonsembiante,50,5,2242,0.004464285714285714,0.0003205539171688678,7.163305701355522e-05,0.0016188242294893792,0.16188242294893793,LOW,"Observed contribution across 50 files, 5 commits, and 2242 changes."
VaggelisGian,31,23,1080,0.0027678571428571427,0.001474548018976792,3.450655734818896e-05,0.0014256372397273745,0.14256372397273745,LOW,"Observed contribution across 31 files, 23 commits, and 1080 changes."
haoozhang,43,2,349,0.0038392857142857144,0.00012822156686754713,1.1150730106035137e-05,0.0013262193370864323,0.13262193370864322,LOW,"Observed contribution across 43 files, 2 commits, and 349 changes."
srikanthananthula63053,30,16,3784,0.0026785714285714286,0.001025772534940377,0.00012090075278291391,0.0012750815720982398,0.12750815720982397,LOW,"Observed contribution across 30 files, 16 commits, and 3784 changes."
moheng233,35,8,1710,0.003125,0.0005128862674701885,5.4635382467965855e-05,0.0012308405499793847,0.12308405499793847,LOW,"Observed contribution across 35 files, 8 commits, and 1710 changes."
thexin7,37,3,2374,0.0033035714285714287,0.0001923323503013207,7.585052513388943e-05,0.001190584768002213,0.1190584768002213,LOW,"Observed contribution across 37 files, 3 commits, and 2374 changes."
nugehs,31,10,4750,0.0027678571428571427,0.0006411078343377356,0.00015176495129990515,0.0011869099761649279,0.11869099761649278,LOW,"Observed contribution across 31 files, 10 commits, and 4750 changes."
edvilme,16,29,2538,0.0014285714285714286,0.0018592127195794332,8.109040976824406e-05,0.0011229581859730352,0.11229581859730352,LOW,"Observed contribution across 16 files, 29 commits, and 2538 changes."
sricursion,31,8,2143,0.0027678571428571427,0.0005128862674701885,6.846995592330458e-05,0.0011164044554168786,0.11164044554168785,LOW,"Observed contribution across 31 files, 8 commits, and 2143 changes."
ecc-tools[bot],11,33,2227,0.0009821428571428572,0.0021156558533145277,7.115379927260816e-05,0.001056317503243331,0.10563175032433311,LOW,"Observed contribution across 11 files, 33 commits, and 2227 changes."
haozhang,33,3,376,0.0029464285714285716,0.0001923323503013207,1.201339403973986e-05,0.0010502581052565442,0.10502581052565442,LOW,"Observed contribution across 33 files, 3 commits, and 376 changes."
swwind,34,1,1035,0.0030357142857142857,6.411078343377356e-05,3.306878412534775e-05,0.0010442979510911358,0.10442979510911357,LOW,"Observed contribution across 34 files, 1 commits, and 1035 changes."
SalehKadah,29,4,1287,0.002589285714285714,0.00025644313373509426,4.1120314173258514e-05,0.000962283054064689,0.0962283054064689,LOW,"Observed contribution across 29 files, 4 commits, and 1287 changes."
cursoragent,29,4,977,0.002589285714285714,0.00025644313373509426,3.121565419368575e-05,0.0009589815007381647,0.09589815007381647,LOW,"Observed contribution across 29 files, 4 commits, and 977 changes."
ahmed-codics,30,1,1561,0.0026785714285714286,6.411078343377356e-05,4.98747555745583e-05,0.0009308523225265868,0.09308523225265869,LOW,"Observed contribution across 30 files, 1 commits, and 1561 changes."
cdvankammen,27,1,4489,0.0024107142857142856,6.411078343377356e-05,0.00014342586660742615,0.0008727503119184951,0.08727503119184951,LOW,"Observed contribution across 27 files, 1 commits, and 4489 changes."
joshmouch,24,7,687,0.002142857142857143,0.00044877548403641495,2.1950004535375756e-05,0.0008711942104763112,0.08711942104763112,LOW,"Observed contribution across 24 files, 7 commits, and 687 changes."
kaermorchen,28,1,266,0.0025,6.411078343377356e-05,8.498837272794688e-06,0.0008575365402355228,0.08575365402355227,LOW,"Observed contribution across 28 files, 1 commits, and 266 changes."
PranshulSoni,20,9,1456,0.0017857142857142857,0.000576997050903962,4.651995138792882e-05,0.0008030770960020589,0.08030770960020589,LOW,"Observed contribution across 20 files, 9 commits, and 1456 changes."
Simon R. Lincoln,21,8,523,0.001875,0.0005128862674701885,1.6710119901021136e-05,0.0008015321291237365,0.08015321291237365,LOW,"Observed contribution across 21 files, 8 commits, and 523 changes."
vivekjm,18,11,986,0.0016071428571428571,0.0007052186177715092,3.1503208838253995e-05,0.0007812882279175401,0.07812882279175401,LOW,"Observed contribution across 18 files, 11 commits, and 986 changes."
soreavis,15,15,475,0.0013392857142857143,0.0009616617515066034,1.5176495129990515e-05,0.0007720413203074361,0.07720413203074361,LOW,"Observed contribution across 15 files, 15 commits, and 475 changes."
samuel7james,21,4,1234,0.001875,0.00025644313373509426,3.94269368219122e-05,0.0007236233568523355,0.07236233568523355,LOW,"Observed contribution across 21 files, 4 commits, and 1234 changes."
kimphanh,22,1,3794,0.0019642857142857144,6.411078343377356e-05,0.00012122025794354529,0.0007165389185543445,0.07165389185543446,LOW,"Observed contribution across 22 files, 1 commits, and 3794 changes."
AntonioLujanoLuna,21,3,438,0.001875,0.0001923323503013207,1.3994326035654412e-05,0.0006937755587789917,0.06937755587789918,LOW,"Observed contribution across 21 files, 3 commits, and 438 changes."
kafeifei,20,4,1119,0.0017857142857142857,0.00025644313373509426,3.575262747465134e-05,0.0006926366823080104,0.06926366823080105,LOW,"Observed contribution across 20 files, 4 commits, and 1119 changes."
rohit489,21,2,284,0.001875,0.00012822156686754713,9.073946561931172e-06,0.0006707651711431595,0.06707651711431595,LOW,"Observed contribution across 21 files, 2 commits, and 284 changes."
dnch13,11,15,810,0.0009821428571428572,0.0009616617515066034,2.587991801114172e-05,0.0006565615088868675,0.06565615088868675,LOW,"Observed contribution across 11 files, 15 commits, and 810 changes."
wycats,21,1,674,0.001875,6.411078343377356e-05,2.153464782655496e-05,0.0006535484770867762,0.06535484770867762,LOW,"Observed contribution across 21 files, 1 commits, and 674 changes."
unrevised6419,16,5,2310,0.0014285714285714286,0.0003205539171688678,7.380569210584861e-05,0.0006076436792820484,0.06076436792820484,LOW,"Observed contribution across 16 files, 5 commits, and 2310 changes."
Jianwei Xu (from Dev Box),17,3,961,0.0015178571428571428,0.0001923323503013207,3.070444593667555e-05,0.0005802979796983796,0.05802979796983796,LOW,"Observed contribution across 17 files, 3 commits, and 961 changes."
Girish Konda,15,4,1050,0.0013392857142857143,0.00025644313373509426,3.3548041866294826e-05,0.0005430922966290345,0.05430922966290345,LOW,"Observed contribution across 15 files, 4 commits, and 1050 changes."
Frankenstein-dev197,17,1,1123,0.0015178571428571428,6.411078343377356e-05,3.588042953890389e-05,0.0005392827852766067,0.053928278527660675,LOW,"Observed contribution across 17 files, 1 commits, and 1123 changes."
suliatmayowaogungbe-glitch,12,8,679,0.0010714285714285715,0.0005128862674701885,2.169440040687065e-05,0.0005353364131018769,0.05353364131018769,LOW,"Observed contribution across 12 files, 8 commits, and 679 changes."
Ben Steenhoek,17,1,431,0.0015178571428571428,6.411078343377356e-05,1.3770672423212447e-05,0.0005319128662380429,0.05319128662380429,LOW,"Observed contribution across 17 files, 1 commits, and 431 changes."
OssSecurityBot,17,1,196,0.0015178571428571428,6.411078343377356e-05,6.262301148375034e-06,0.0005294100758130971,0.052941007581309714,LOW,"Observed contribution across 17 files, 1 commits, and 196 changes."
zhiquanchi,16,2,566,0.0014285714285714286,0.00012822156686754713,1.8083992091736067e-05,0.0005249589958435705,0.052495899584357054,LOW,"Observed contribution across 16 files, 2 commits, and 566 changes."
YOSHII-Hiroto,11,9,322,0.0009821428571428572,0.000576997050903962,1.0288066172330413e-05,0.0005231426580730499,0.05231426580730499,LOW,"Observed contribution across 11 files, 9 commits, and 322 changes."
unknown,16,1,2288,0.0014285714285714286,6.411078343377356e-05,7.310278075245957e-05,0.0005219283309192206,0.05219283309192206,LOW,"Observed contribution across 16 files, 1 commits, and 2288 changes."
wilhem-meignan,16,1,954,0.0014285714285714286,6.411078343377356e-05,3.0480792324233583e-05,0.0005077210014431452,0.050772100144314526,LOW,"Observed contribution across 16 files, 1 commits, and 954 changes."
oscarvanderheide,15,2,480,0.0013392857142857143,0.00012822156686754713,1.5336247710306206e-05,0.0004942811762878559,0.04942811762878559,LOW,"Observed contribution across 15 files, 2 commits, and 480 changes."
wynnsimon,13,4,292,0.0011607142857142858,0.00025644313373509426,9.329550690436274e-06,0.00047549565671327213,0.04754956567132721,LOW,"Observed contribution across 13 files, 4 commits, and 292 changes."
jul-stevenson,10,8,310,0.0008928571428571428,0.0005128862674701885,9.904659979572758e-06,0.00047188269010230133,0.047188269010230134,LOW,"Observed contribution across 10 files, 8 commits, and 310 changes."
samir-nimbly,12,4,761,0.0010714285714285715,0.00025644313373509426,2.431434272404796e-05,0.0004507286826292379,0.045072868262923796,LOW,"Observed contribution across 12 files, 4 commits, and 761 changes."
ntrogh,12,4,31,0.0010714285714285715,0.00025644313373509426,9.904659979572756e-07,0.00044295405705387434,0.04429540570538743,LOW,"Observed contribution across 12 files, 4 commits, and 31 changes."
egamma,8,9,296,0.0007142857142857143,0.000576997050903962,9.457352754688826e-06,0.0004335800393147884,0.04335800393147884,LOW,"Observed contribution across 8 files, 9 commits, and 296 changes."
adityajha77,10,6,216,0.0008928571428571428,0.0003846647006026414,6.901311469637792e-06,0.00042814105164314066,0.04281410516431407,LOW,"Observed contribution across 10 files, 6 commits, and 216 changes."
Ebola-Chan-bot,12,3,168,0.0010714285714285715,0.0001923323503013207,5.367686698607172e-06,0.0004230428694761664,0.04230428694761664,LOW,"Observed contribution across 12 files, 3 commits, and 168 changes."
abmahdy,9,7,340,0.0008035714285714286,0.00044877548403641495,1.0863175461466895e-05,0.0004210700293564368,0.04210700293564368,LOW,"Observed contribution across 9 files, 7 commits, and 340 changes."
RickStrahl,13,1,301,0.0011607142857142858,6.411078343377356e-05,9.617105335004516e-06,0.000411480724827688,0.0411480724827688,LOW,"Observed contribution across 13 files, 1 commits, and 301 changes."
root,12,2,359,0.0010714285714285715,0.00012822156686754713,1.1470235266666516e-05,0.000403706791187595,0.0403706791187595,LOW,"Observed contribution across 12 files, 2 commits, and 359 changes."
Kuldeep-IITR,12,2,116,0.0010714285714285715,0.00012822156686754713,3.7062598633239996e-06,0.00040111879938648084,0.040111879938648086,LOW,"Observed contribution across 12 files, 2 commits, and 116 changes."
TheRealAlexxx,9,6,329,0.0008035714285714286,0.0003846647006026414,1.0511719784772378e-05,0.0003995826163196141,0.03995826163196141,LOW,"Observed contribution across 9 files, 6 commits, and 329 changes."
n-gist,11,3,123,0.0009821428571428572,0.0001923323503013207,3.929913475765965e-06,0.0003928017069733146,0.03928017069733146,LOW,"Observed contribution across 11 files, 3 commits, and 123 changes."
kunaaaalcodes,12,1,201,0.0010714285714285715,6.411078343377356e-05,6.422053728690723e-06,0.0003806538028636786,0.038065380286367856,LOW,"Observed contribution across 12 files, 1 commits, and 201 changes."
caojian5,12,1,174,0.0010714285714285715,6.411078343377356e-05,5.559389794985999e-06,0.0003803662482191104,0.03803662482191104,LOW,"Observed contribution across 12 files, 1 commits, and 174 changes."
sandersn,11,2,384,0.0009821428571428572,0.00012822156686754713,1.2268998168244964e-05,0.0003742111407262165,0.03742111407262165,LOW,"Observed contribution across 11 files, 2 commits, and 384 changes."
zelinms,11,2,252,0.0009821428571428572,0.00012822156686754713,8.051530047910758e-06,0.0003728053180194384,0.037280531801943836,LOW,"Observed contribution across 11 files, 2 commits, and 252 changes."
sgent-epic,7,7,670,0.000625,0.00044877548403641495,2.140684576230241e-05,0.0003650607765995725,0.03650607765995725,LOW,"Observed contribution across 7 files, 7 commits, and 670 changes."
baywet,6,8,363,0.0005357142857142857,0.0005128862674701885,1.1598037330919067e-05,0.0003533995301717977,0.03533995301717977,LOW,"Observed contribution across 6 files, 8 commits, and 363 changes."
stevenh,8,5,584,0.0007142857142857143,0.0003205539171688678,1.8659101380872547e-05,0.00035116624427848484,0.035116624427848485,LOW,"Observed contribution across 8 files, 5 commits, and 584 changes."
VirajMishra1,6,8,127,0.0005357142857142857,0.0005128862674701885,4.057715540018516e-06,0.0003508860895748309,0.03508860895748309,LOW,"Observed contribution across 6 files, 8 commits, and 127 changes."
luotianyiismywife,8,5,352,0.0007142857142857143,0.0003205539171688678,1.124658165422455e-05,0.0003486954043696022,0.03486954043696022,LOW,"Observed contribution across 8 files, 5 commits, and 352 changes."
Maxim-Mazurok,9,3,1360,0.0008035714285714286,0.0001923323503013207,4.345270184586758e-05,0.00034645216023953895,0.034645216023953894,LOW,"Observed contribution across 9 files, 3 commits, and 1360 changes."
Bestra,9,3,834,0.0008035714285714286,0.0001923323503013207,2.664673039665703e-05,0.0003408501697564688,0.03408501697564688,LOW,"Observed contribution across 9 files, 3 commits, and 834 changes."
lrtfm,9,3,720,0.0008035714285714286,0.0001923323503013207,2.3004371565459307e-05,0.0003396360501460695,0.03396360501460695,LOW,"Observed contribution across 9 files, 3 commits, and 720 changes."
justanotheranonymoususer,6,7,484,0.0005357142857142857,0.00044877548403641495,1.5464049774558755e-05,0.00033331793984175316,0.033331793984175316,LOW,"Observed contribution across 6 files, 7 commits, and 484 changes."
Kyle Cutler,8,4,48,0.0007142857142857143,0.00025644313373509426,1.5336247710306204e-06,0.0003240874909306131,0.03240874909306131,LOW,"Observed contribution across 8 files, 4 commits, and 48 changes."
caseyflynn-google,10,1,67,0.0008928571428571428,6.411078343377356e-05,2.140684576230241e-06,0.00031970287028904883,0.031970287028904885,LOW,"Observed contribution across 10 files, 1 commits, and 67 changes."
Avinash Shrivastava,10,1,30,0.0008928571428571428,6.411078343377356e-05,9.585154818941379e-07,0.0003193088139242702,0.031930881392427016,LOW,"Observed contribution across 10 files, 1 commits, and 30 changes."
aadisriram,8,3,563,0.0007142857142857143,0.0001923323503013207,1.7988140543546654e-05,0.0003082020683768606,0.03082020683768606,LOW,"Observed contribution across 8 files, 3 commits, and 563 changes."
asJEI,6,6,22,0.0005357142857142857,0.0003846647006026414,7.029113533890344e-07,0.0003070272992234387,0.03070272992234387,LOW,"Observed contribution across 6 files, 6 commits, and 22 changes."
And,8,3,446,0.0007142857142857143,0.0001923323503013207,1.4249930164159514e-05,0.0003069559982503982,0.030695599825039818,LOW,"Observed contribution across 8 files, 3 commits, and 446 changes."
gpotter2,9,1,134,0.0008035714285714286,6.411078343377356e-05,4.281369152460482e-06,0.0002906545270525542,0.029065452705255422,LOW,"Observed contribution across 9 files, 1 commits, and 134 changes."
aadsm,9,1,75,0.0008035714285714286,6.411078343377356e-05,2.3962887047353444e-06,0.0002900261669033125,0.02900261669033125,LOW,"Observed contribution across 9 files, 1 commits, and 75 changes."
jacekkopecky,9,1,44,0.0008035714285714286,6.411078343377356e-05,1.4058227067780687e-06,0.00028969601157066005,0.028969601157066004,LOW,"Observed contribution across 9 files, 1 commits, and 44 changes."
kavyansh18,5,6,627,0.0004464285714285714,0.0003846647006026414,2.003297357158748e-05,0.00028370874853426677,0.028370874853426677,LOW,"Observed contribution across 5 files, 6 commits, and 627 changes."
NgoQuocViet2001,8,2,212,0.0007142857142857143,0.00012822156686754713,6.7735094053852405e-06,0.0002830935968528822,0.02830935968528822,LOW,"Observed contribution across 8 files, 2 commits, and 212 changes."
aeonframework,8,2,211,0.0007142857142857143,0.00012822156686754713,6.741558889322102e-06,0.0002830829466808612,0.02830829466808612,LOW,"Observed contribution across 8 files, 2 commits, and 211 changes."
waltoss,8,2,186,0.0007142857142857143,0.00012822156686754713,5.942795987743654e-06,0.00028281669238033506,0.028281669238033505,LOW,"Observed contribution across 8 files, 2 commits, and 186 changes."
unsupportedpastels,8,2,129,0.0007142857142857143,0.00012822156686754713,4.121616572144793e-06,0.0002822096325751354,0.02822096325751354,LOW,"Observed contribution across 8 files, 2 commits, and 129 changes."
aidaodedjl,5,6,407,0.0004464285714285714,0.0003846647006026414,1.3003860037697135e-05,0.00028136571068963664,0.028136571068963664,LOW,"Observed contribution across 5 files, 6 commits, and 407 changes."
Achordchan,7,3,653,0.000625,0.0001923323503013207,2.0863686989229067e-05,0.0002793986790968499,0.02793986790968499,LOW,"Observed contribution across 7 files, 3 commits, and 653 changes."
stevescot,6,4,1324,0.0005357142857142857,0.00025644313373509426,4.230248326759461e-05,0.0002781533009056582,0.027815330090565818,LOW,"Observed contribution across 6 files, 4 commits, and 1324 changes."
alexiri,7,3,450,0.000625,0.0001923323503013207,1.4377732228412067e-05,0.00027723669417657764,0.027723669417657765,LOW,"Observed contribution across 7 files, 3 commits, and 450 changes."
BoSeal,7,3,210,0.000625,0.0001923323503013207,6.709608373258964e-06,0.00027468065289152656,0.027468065289152657,LOW,"Observed contribution across 7 files, 3 commits, and 210 changes."
soroush5,6,4,89,0.0005357142857142857,0.00025644313373509426,2.8435959296192752e-06,0.0002650003384596664,0.026500033845966643,LOW,"Observed contribution across 6 files, 4 commits, and 89 changes."
adaex,8,1,126,0.0007142857142857143,6.411078343377356e-05,4.025765023955379e-06,0.00026080742091448106,0.026080742091448107,LOW,"Observed contribution across 8 files, 1 commits, and 126 changes."
AminUNer,7,2,158,0.000625,0.00012822156686754713,5.048181537975793e-06,0.00025275658280184094,0.025275658280184094,LOW,"Observed contribution across 7 files, 2 commits, and 158 changes."
tamuratak,4,6,328,0.00035714285714285714,0.0003846647006026414,1.047976926870924e-05,0.0002507624423380693,0.02507624423380693,LOW,"Observed contribution across 4 files, 6 commits, and 328 changes."
vscodebot-pr,6,3,219,0.0005357142857142857,0.0001923323503013207,6.997163017827206e-06,0.00024501459967781126,0.024501459967781126,LOW,"Observed contribution across 6 files, 3 commits, and 219 changes."
bozturkler,7,1,773,0.000625,6.411078343377356e-05,2.4697748916805616e-05,0.00023793617745019303,0.023793617745019303,LOW,"Observed contribution across 7 files, 1 commits, and 773 changes."
davidbitton,5,4,153,0.0004464285714285714,0.00025644313373509426,4.8884289576601025e-06,0.00023592004470710857,0.023592004470710855,LOW,"Observed contribution across 5 files, 4 commits, and 153 changes."
Dev-next-gen,5,4,101,0.0004464285714285714,0.00025644313373509426,3.2270021223769306e-06,0.00023536623576201417,0.023536623576201416,LOW,"Observed contribution across 5 files, 4 commits, and 101 changes."
Manibharadwaj,5,4,83,0.0004464285714285714,0.00025644313373509426,2.651892833240448e-06,0.00023517453266563536,0.023517453266563536,LOW,"Observed contribution across 5 files, 4 commits, and 83 changes."
veerjain-1,7,1,40,0.000625,6.411078343377356e-05,1.278020642525517e-06,0.00023012960135876634,0.023012960135876635,LOW,"Observed contribution across 7 files, 1 commits, and 40 changes."
austintraver,6,2,330,0.0005357142857142857,0.00012822156686754713,1.0543670300835515e-05,0.0002248265076275561,0.022482650762755612,LOW,"Observed contribution across 6 files, 2 commits, and 330 changes."
videlalvaro,6,2,136,0.0005357142857142857,0.00012822156686754713,4.345270184586758e-06,0.0002227603742554732,0.022276037425547318,LOW,"Observed contribution across 6 files, 2 commits, and 136 changes."
rajpreetcodes,6,2,112,0.0005357142857142857,0.00012822156686754713,3.5784577990714477e-06,0.00022250477012696808,0.022250477012696807,LOW,"Observed contribution across 6 files, 2 commits, and 112 changes."
gagalo123,6,2,22,0.0005357142857142857,0.00012822156686754713,7.029113533890344e-07,0.00022154625464507397,0.0221546254645074,LOW,"Observed contribution across 6 files, 2 commits, and 22 changes."
abhijeetnardele24-hash,6,2,19,0.0005357142857142857,0.00012822156686754713,6.070598051996206e-07,0.00022151430412901084,0.022151430412901085,LOW,"Observed contribution across 6 files, 2 commits, and 19 changes."
di3go04,3,6,72,0.00026785714285714287,0.0003846647006026414,2.3004371565459307e-06,0.00021827409353877673,0.021827409353877673,LOW,"Observed contribution across 3 files, 6 commits, and 72 changes."
rowkav09,5,3,109,0.0004464285714285714,0.0001923323503013207,3.482606250882034e-06,0.0002140811759935914,0.02140811759935914,LOW,"Observed contribution across 5 files, 3 commits, and 109 changes."
yutotnh,2,7,158,0.00017857142857142857,0.00044877548403641495,5.048181537975793e-06,0.0002107983647152731,0.021079836471527308,LOW,"Observed contribution across 2 files, 7 commits, and 158 changes."
boygeniusnr1,4,4,173,0.00035714285714285714,0.00025644313373509426,5.527439278922861e-06,0.00020637114338562475,0.020637114338562475,LOW,"Observed contribution across 4 files, 4 commits, and 173 changes."
Rajkaran-122,4,4,96,0.00035714285714285714,0.00025644313373509426,3.067249542061241e-06,0.0002055510801400042,0.020555108014000418,LOW,"Observed contribution across 4 files, 4 commits, and 96 changes."
mossgowild,6,1,372,0.0005357142857142857,6.411078343377356e-05,1.1885591975487309e-05,0.00020390355370784885,0.020390355370784884,LOW,"Observed contribution across 6 files, 1 commits, and 372 changes."
akarshm_microsoft,3,5,651,0.00026785714285714287,0.0003205539171688678,2.079978595710279e-05,0.00020307028199437118,0.020307028199437117,LOW,"Observed contribution across 3 files, 5 commits, and 651 changes."
RobinsKarani,6,1,227,0.0005357142857142857,6.411078343377356e-05,7.252767146332309e-06,0.00020235927876479718,0.02023592787647972,LOW,"Observed contribution across 6 files, 1 commits, and 227 changes."
Andreaj42,6,1,140,0.0005357142857142857,6.411078343377356e-05,4.473072248839309e-06,0.0002014327137989662,0.02014327137989662,LOW,"Observed contribution across 6 files, 1 commits, and 140 changes."
kmhalvin,6,1,71,0.0005357142857142857,6.411078343377356e-05,2.268486640482793e-06,0.00020069785192951403,0.020069785192951405,LOW,"Observed contribution across 6 files, 1 commits, and 71 changes."
MohammedAlmajhali,6,1,52,0.0005357142857142857,6.411078343377356e-05,1.6614268352831721e-06,0.00020049549866111413,0.020049549866111415,LOW,"Observed contribution across 6 files, 1 commits, and 52 changes."
ahmadawais,6,1,23,0.0005357142857142857,6.411078343377356e-05,7.348618694521723e-07,0.00020018664367250382,0.02001866436725038,LOW,"Observed contribution across 6 files, 1 commits, and 23 changes."
Cleanskiier27,3,5,179,0.00026785714285714287,0.0003205539171688678,5.719142375301689e-06,0.00019804340080043748,0.019804340080043746,LOW,"Observed contribution across 3 files, 5 commits, and 179 changes."
guimmd2,5,2,225,0.0004464285714285714,0.00012822156686754713,7.1888661142060336e-06,0.00019394633480344155,0.019394633480344155,LOW,"Observed contribution across 5 files, 2 commits, and 225 changes."
spurwaha,5,2,28,0.0004464285714285714,0.00012822156686754713,8.946144497678619e-07,0.00019184825091529548,0.019184825091529547,LOW,"Observed contribution across 5 files, 2 commits, and 28 changes."
emxs1,1,2,11053,8.928571428571429e-05,0.00012822156686754713,0.0003531490540458635,0.0001902187783997083,0.01902187783997083,LOW,"Observed contribution across 1 files, 2 commits, and 11053 changes."
DanielGarzaB,4,3,153,0.00035714285714285714,0.0001923323503013207,4.8884289576601025e-06,0.00018478787880061263,0.018478787880061263,LOW,"Observed contribution across 4 files, 3 commits, and 153 changes."
rrazvd,4,3,113,0.00035714285714285714,0.0001923323503013207,3.6104083151345855e-06,0.0001843618719197708,0.01843618719197708,LOW,"Observed contribution across 4 files, 3 commits, and 113 changes."
Suzu1Dev,4,3,112,0.00035714285714285714,0.0001923323503013207,3.5784577990714477e-06,0.00018435122174774974,0.018435122174774974,LOW,"Observed contribution across 4 files, 3 commits, and 112 changes."
peaceaddpaasion,4,3,102,0.00035714285714285714,0.0001923323503013207,3.2589526384400683e-06,0.0001842447200275393,0.01842447200275393,LOW,"Observed contribution across 4 files, 3 commits, and 102 changes."
msulemans,4,3,38,0.00035714285714285714,0.0001923323503013207,1.2141196103992413e-06,0.00018356310901819235,0.018356310901819235,LOW,"Observed contribution across 4 files, 3 commits, and 38 changes."
brovaset,3,4,294,0.00026785714285714287,0.00025644313373509426,9.39345172256255e-06,0.00017789790943826655,0.017789790943826655,LOW,"Observed contribution across 3 files, 4 commits, and 294 changes."
GujjetiMokshithcode,3,4,286,0.00026785714285714287,0.00025644313373509426,9.137847594057446e-06,0.00017781270806209817,0.017781270806209816,LOW,"Observed contribution across 3 files, 4 commits, and 286 changes."
lucastaylr,3,4,270,0.00026785714285714287,0.00025644313373509426,8.62663933704724e-06,0.00017764230530976143,0.017764230530976144,LOW,"Observed contribution across 3 files, 4 commits, and 270 changes."
bompus,3,4,259,0.00026785714285714287,0.00025644313373509426,8.275183660352724e-06,0.00017752515341752995,0.017752515341752994,LOW,"Observed contribution across 3 files, 4 commits, and 259 changes."
jlelong,3,4,60,0.00026785714285714287,0.00025644313373509426,1.9170309637882758e-06,0.0001754057691853418,0.01754057691853418,LOW,"Observed contribution across 3 files, 4 commits, and 60 changes."
judyks,5,1,114,0.0004464285714285714,6.411078343377356e-05,3.6423588311977236e-06,0.00017139390456451424,0.017139390456451423,LOW,"Observed contribution across 5 files, 1 commits, and 114 changes."
Kunall7890,4,2,362,0.00035714285714285714,0.00012822156686754713,1.1566086814855928e-05,0.00016564350360842006,0.016564350360842008,LOW,"Observed contribution across 4 files, 2 commits, and 362 changes."
iamkaleemsajjad-hue,4,2,270,0.00035714285714285714,0.00012822156686754713,8.62663933704724e-06,0.00016466368778248383,0.016466368778248384,LOW,"Observed contribution across 4 files, 2 commits, and 270 changes."
mikehaas763,4,2,218,0.00035714285714285714,0.00012822156686754713,6.965212501764068e-06,0.00016410987883738946,0.016410987883738945,LOW,"Observed contribution across 4 files, 2 commits, and 218 changes."
M393,4,2,146,0.00035714285714285714,0.00012822156686754713,4.664775345218137e-06,0.00016334306645187413,0.016334306645187414,LOW,"Observed contribution across 4 files, 2 commits, and 146 changes."
Skn0tt,4,2,108,0.00035714285714285714,0.00012822156686754713,3.450655734818896e-06,0.0001629383599150744,0.016293835991507438,LOW,"Observed contribution across 4 files, 2 commits, and 108 changes."
tombuildsstuff,4,2,75,0.00035714285714285714,0.00012822156686754713,2.3962887047353444e-06,0.00016258690423837988,0.016258690423837988,LOW,"Observed contribution across 4 files, 2 commits, and 75 changes."
ralphfeltis,4,2,55,0.00035714285714285714,0.00012822156686754713,1.7572783834725859e-06,0.00016237390079795896,0.016237390079795896,LOW,"Observed contribution across 4 files, 2 commits, and 55 changes."
arham766,4,2,48,0.00035714285714285714,0.00012822156686754713,1.5336247710306204e-06,0.00016229934959381163,0.016229934959381163,LOW,"Observed contribution across 4 files, 2 commits, and 48 changes."
Kaidesuyoo,4,2,37,0.00035714285714285714,0.00012822156686754713,1.1821690943361033e-06,0.00016218219770158012,0.016218219770158013,LOW,"Observed contribution across 4 files, 2 commits, and 37 changes."
RITHIKKUMARAN,4,2,32,0.00035714285714285714,0.00012822156686754713,1.0224165140204136e-06,0.0001621289468414749,0.01621289468414749,LOW,"Observed contribution across 4 files, 2 commits, and 32 changes."
tggiles,3,3,6,0.00026785714285714287,0.0001923323503013207,1.9170309637882755e-07,0.00015346039875161412,0.015346039875161413,LOW,"Observed contribution across 3 files, 3 commits, and 6 changes."
xuanmingShang,2,4,201,0.00017857142857142857,0.00025644313373509426,6.422053728690723e-06,0.0001471455386784045,0.01471455386784045,LOW,"Observed contribution across 2 files, 4 commits, and 201 changes."
gaspardruan,4,1,466,0.00035714285714285714,6.411078343377356e-05,1.4888940485422273e-05,0.00014538086035401768,0.014538086035401767,LOW,"Observed contribution across 4 files, 1 commits, and 466 changes."
rostidev,4,1,421,0.00035714285714285714,6.411078343377356e-05,1.3451167262581066e-05,0.0001449016026130706,0.01449016026130706,LOW,"Observed contribution across 4 files, 1 commits, and 421 changes."
dev-hari-prasad,4,1,287,0.00035714285714285714,6.411078343377356e-05,9.169798110120584e-06,0.00014347447956225044,0.014347447956225045,LOW,"Observed contribution across 4 files, 1 commits, and 287 changes."
64kramsystem,4,1,282,0.00035714285714285714,6.411078343377356e-05,9.010045529804895e-06,0.00014342122870214522,0.01434212287021452,LOW,"Observed contribution across 4 files, 1 commits, and 282 changes."
Xaena53,4,1,199,0.00035714285714285714,6.411078343377356e-05,6.358152696564447e-06,0.0001425372644243984,0.01425372644243984,LOW,"Observed contribution across 4 files, 1 commits, and 199 changes."
mirimadahmed,4,1,116,0.00035714285714285714,6.411078343377356e-05,3.7062598633239996e-06,0.00014165330014665159,0.014165330014665158,LOW,"Observed contribution across 4 files, 1 commits, and 116 changes."
puyogo-suzuki,4,1,103,0.00035714285714285714,6.411078343377356e-05,3.2909031545032065e-06,0.00014151484791037798,0.014151484791037798,LOW,"Observed contribution across 4 files, 1 commits, and 103 changes."
Wasim,4,1,56,0.00035714285714285714,6.411078343377356e-05,1.7892288995357238e-06,0.0001410142898253888,0.01410142898253888,LOW,"Observed contribution across 4 files, 1 commits, and 56 changes."
ama-leanix,4,1,51,0.00035714285714285714,6.411078343377356e-05,1.6294763192200342e-06,0.00014096103896528358,0.014096103896528357,LOW,"Observed contribution across 4 files, 1 commits, and 51 changes."
karthiknadig,4,1,49,0.00035714285714285714,6.411078343377356e-05,1.5655752870937584e-06,0.00014093973862124148,0.014093973862124147,LOW,"Observed contribution across 4 files, 1 commits, and 49 changes."
virzak,4,1,16,0.00035714285714285714,6.411078343377356e-05,5.112082570102068e-07,0.00014058828294454697,0.014058828294454697,LOW,"Observed contribution across 4 files, 1 commits, and 16 changes."
0xNeshi,3,2,774,0.00026785714285714287,0.00012822156686754713,2.4729699432868756e-05,0.00014026946971918626,0.014026946971918626,LOW,"Observed contribution across 3 files, 2 commits, and 774 changes."
guihuaz,3,1,2779,0.00026785714285714287,6.411078343377356e-05,8.87904841394603e-05,0.00014025280347679223,0.014025280347679223,LOW,"Observed contribution across 3 files, 1 commits, and 2779 changes."
arun-357,3,2,398,0.00026785714285714287,0.00012822156686754713,1.2716305393128895e-05,0.00013626500503927295,0.013626500503927295,LOW,"Observed contribution across 3 files, 2 commits, and 398 changes."
philwo,3,2,280,0.00026785714285714287,0.00012822156686754713,8.946144497678619e-06,0.00013500828474078953,0.013500828474078953,LOW,"Observed contribution across 3 files, 2 commits, and 280 changes."
joseanoxp,3,2,268,0.00026785714285714287,0.00012822156686754713,8.562738304920964e-06,0.000134880482676537,0.013488048267653699,LOW,"Observed contribution across 3 files, 2 commits, and 268 changes."
ansonauhk,3,2,197,0.00026785714285714287,0.00012822156686754713,6.294251664438171e-06,0.00013412432046304272,0.013412432046304271,LOW,"Observed contribution across 3 files, 2 commits, and 197 changes."
David Kontyko,3,2,144,0.00026785714285714287,0.00012822156686754713,4.600874313091861e-06,0.00013355986134592728,0.013355986134592728,LOW,"Observed contribution across 3 files, 2 commits, and 144 changes."
Sanjays2402,3,2,105,0.00026785714285714287,0.00012822156686754713,3.354804186629482e-06,0.0001331445046371065,0.013314450463710648,LOW,"Observed contribution across 3 files, 2 commits, and 105 changes."
PositroniumJS,3,2,75,0.00026785714285714287,0.00012822156686754713,2.3962887047353444e-06,0.0001328249994764751,0.01328249994764751,LOW,"Observed contribution across 3 files, 2 commits, and 75 changes."
samuelmbabhazi,3,2,68,0.00026785714285714287,0.00012822156686754713,2.172635092293379e-06,0.0001327504482723278,0.013275044827232779,LOW,"Observed contribution across 3 files, 2 commits, and 68 changes."
Vivswan,3,2,52,0.00026785714285714287,0.00012822156686754713,1.6614268352831721e-06,0.00013258004551999105,0.013258004551999105,LOW,"Observed contribution across 3 files, 2 commits, and 52 changes."
Santhanakrishnan-Shanmugam,3,2,30,0.00026785714285714287,0.00012822156686754713,9.585154818941379e-07,0.00013234574173552805,0.013234574173552805,LOW,"Observed contribution across 3 files, 2 commits, and 30 changes."
benelog,3,2,6,0.00026785714285714287,0.00012822156686754713,1.9170309637882755e-07,0.00013209013760702294,0.013209013760702293,LOW,"Observed contribution across 3 files, 2 commits, and 6 changes."
justjavac,2,3,128,0.00017857142857142857,0.0001923323503013207,4.0896660560816545e-06,0.00012499781497627698,0.0124997814976277,LOW,"Observed contribution across 2 files, 3 commits, and 128 changes."
harinath02,2,3,85,0.00017857142857142857,0.0001923323503013207,2.7157938653667237e-06,0.000124539857579372,0.0124539857579372,LOW,"Observed contribution across 2 files, 3 commits, and 85 changes."
na2co3-ftw,2,3,71,0.00017857142857142857,0.0001923323503013207,2.268486640482793e-06,0.00012439075517107736,0.012439075517107736,LOW,"Observed contribution across 2 files, 3 commits, and 71 changes."
sundeep8967,2,3,64,0.00017857142857142857,0.0001923323503013207,2.0448330280408273e-06,0.00012431620396693004,0.012431620396693004,LOW,"Observed contribution across 2 files, 3 commits, and 64 changes."
Connor Peet,2,3,51,0.00017857142857142857,0.0001923323503013207,1.6294763192200342e-06,0.00012417775173065643,0.012417775173065642,LOW,"Observed contribution across 2 files, 3 commits, and 51 changes."
taskinf198-afk,2,3,50,0.00017857142857142857,0.0001923323503013207,1.5975258031568964e-06,0.0001241671015586354,0.01241671015586354,LOW,"Observed contribution across 2 files, 3 commits, and 50 changes."
RReverser,2,3,48,0.00017857142857142857,0.0001923323503013207,1.5336247710306204e-06,0.0001241458012145933,0.01241458012145933,LOW,"Observed contribution across 2 files, 3 commits, and 48 changes."
Tao Zhuang,3,1,231,0.00026785714285714287,6.411078343377356e-05,7.380569210584861e-06,0.00011311616516716709,0.01131161651671671,LOW,"Observed contribution across 3 files, 1 commits, and 231 changes."
yiyabo,3,1,103,0.00026785714285714287,6.411078343377356e-05,3.2909031545032065e-06,0.00011175294314847322,0.011175294314847322,LOW,"Observed contribution across 3 files, 1 commits, and 103 changes."
pawang-msft,3,1,99,0.00026785714285714287,6.411078343377356e-05,3.1631010902506546e-06,0.00011171034246038903,0.011171034246038903,LOW,"Observed contribution across 3 files, 1 commits, and 99 changes."
invalid-email-address,3,1,75,0.00026785714285714287,6.411078343377356e-05,2.3962887047353444e-06,0.00011145473833188393,0.011145473833188393,LOW,"Observed contribution across 3 files, 1 commits, and 75 changes."
hyperthreading,3,1,75,0.00026785714285714287,6.411078343377356e-05,2.3962887047353444e-06,0.00011145473833188393,0.011145473833188393,LOW,"Observed contribution across 3 files, 1 commits, and 75 changes."
pysio2007,3,1,51,0.00026785714285714287,6.411078343377356e-05,1.6294763192200342e-06,0.00011119913420337881,0.011119913420337881,LOW,"Observed contribution across 3 files, 1 commits, and 51 changes."
ramankrishna,3,1,48,0.00026785714285714287,6.411078343377356e-05,1.5336247710306204e-06,0.00011116718368731568,0.011116718368731569,LOW,"Observed contribution across 3 files, 1 commits, and 48 changes."
colinhacks,3,1,45,0.00026785714285714287,6.411078343377356e-05,1.4377732228412067e-06,0.00011113523317125254,0.011113523317125253,LOW,"Observed contribution across 3 files, 1 commits, and 45 changes."
hi-jie,3,1,38,0.00026785714285714287,6.411078343377356e-05,1.2141196103992413e-06,0.00011106068196710523,0.011106068196710523,LOW,"Observed contribution across 3 files, 1 commits, and 38 changes."
kartikmehta-msft,3,1,29,0.00026785714285714287,6.411078343377356e-05,9.265649658309999e-07,0.00011096483041891582,0.011096483041891581,LOW,"Observed contribution across 3 files, 1 commits, and 29 changes."
google-labs-jules[bot],3,1,18,0.00026785714285714287,6.411078343377356e-05,5.751092891364827e-07,0.0001108476785266843,0.011084767852668431,LOW,"Observed contribution across 3 files, 1 commits, and 18 changes."
D-Majumder,2,2,267,0.00017857142857142857,0.00012822156686754713,8.530787788857826e-06,0.00010510792774261116,0.010510792774261117,LOW,"Observed contribution across 2 files, 2 commits, and 267 changes."
pony-maggie,2,2,244,0.00017857142857142857,0.00012822156686754713,7.795925919405654e-06,0.0001048629737861271,0.010486297378612711,LOW,"Observed contribution across 2 files, 2 commits, and 244 changes."
stefankandic,2,2,236,0.00017857142857142857,0.00012822156686754713,7.54032179090055e-06,0.00010477777240995875,0.010477777240995875,LOW,"Observed contribution across 2 files, 2 commits, and 236 changes."
xiay-lcw,2,2,192,0.00017857142857142857,0.00012822156686754713,6.134499084122482e-06,0.00010430916484103272,0.010430916484103272,LOW,"Observed contribution across 2 files, 2 commits, and 192 changes."
Soumojitshome2023,2,2,144,0.00017857142857142857,0.00012822156686754713,4.600874313091861e-06,0.00010379795658402252,0.010379795658402252,LOW,"Observed contribution across 2 files, 2 commits, and 144 changes."
Lor3nzoMartinez,2,2,133,0.00017857142857142857,0.00012822156686754713,4.249418636397344e-06,0.00010368080469179101,0.0103680804691791,LOW,"Observed contribution across 2 files, 2 commits, and 133 changes."
KKKayleX,2,2,96,0.00017857142857142857,0.00012822156686754713,3.067249542061241e-06,0.00010328674832701231,0.01032867483270123,LOW,"Observed contribution across 2 files, 2 commits, and 96 changes."
AdityaJagtap18,2,2,92,0.00017857142857142857,0.00012822156686754713,2.9394474778086894e-06,0.00010324414763892812,0.010324414763892812,LOW,"Observed contribution across 2 files, 2 commits, and 92 changes."
Gilbert,2,2,70,0.00017857142857142857,0.00012822156686754713,2.2365361244196547e-06,0.00010300984385446512,0.010300984385446512,LOW,"Observed contribution across 2 files, 2 commits, and 70 changes."
jrbarkin,2,2,66,0.00017857142857142857,0.00012822156686754713,2.108734060167103e-06,0.00010296724316638093,0.010296724316638093,LOW,"Observed contribution across 2 files, 2 commits, and 66 changes."
pucedoteth,2,2,66,0.00017857142857142857,0.00012822156686754713,2.108734060167103e-06,0.00010296724316638093,0.010296724316638093,LOW,"Observed contribution across 2 files, 2 commits, and 66 changes."
alike03,2,2,60,0.00017857142857142857,0.00012822156686754713,1.9170309637882758e-06,0.00010290334213425464,0.010290334213425465,LOW,"Observed contribution across 2 files, 2 commits, and 60 changes."
NathanielMcVicar,2,2,38,0.00017857142857142857,0.00012822156686754713,1.2141196103992413e-06,0.00010266903834979165,0.010266903834979165,LOW,"Observed contribution across 2 files, 2 commits, and 38 changes."
Safura  Mohammed,2,2,33,0.00017857142857142857,0.00012822156686754713,1.0543670300835516e-06,0.0001026157874896864,0.01026157874896864,LOW,"Observed contribution across 2 files, 2 commits, and 33 changes."
sambar21,2,2,27,0.00017857142857142857,0.00012822156686754713,8.62663933704724e-07,0.00010255188645756014,0.010255188645756013,LOW,"Observed contribution across 2 files, 2 commits, and 27 changes."
benny779,2,2,27,0.00017857142857142857,0.00012822156686754713,8.62663933704724e-07,0.00010255188645756014,0.010255188645756013,LOW,"Observed contribution across 2 files, 2 commits, and 27 changes."
ibr101010-bot,2,2,27,0.00017857142857142857,0.00012822156686754713,8.62663933704724e-07,0.00010255188645756014,0.010255188645756013,LOW,"Observed contribution across 2 files, 2 commits, and 27 changes."
Tijs Gommeren,2,2,20,0.00017857142857142857,0.00012822156686754713,6.390103212627585e-07,0.00010247733525341281,0.010247733525341281,LOW,"Observed contribution across 2 files, 2 commits, and 20 changes."
smorimoto,2,2,16,0.00017857142857142857,0.00012822156686754713,5.112082570102068e-07,0.00010243473456532862,0.010243473456532863,LOW,"Observed contribution across 2 files, 2 commits, and 16 changes."
vikramnitin9,2,2,14,0.00017857142857142857,0.00012822156686754713,4.4730722488393096e-07,0.00010241343422128653,0.010241343422128653,LOW,"Observed contribution across 2 files, 2 commits, and 14 changes."
Kadajett,2,2,12,0.00017857142857142857,0.00012822156686754713,3.834061927576551e-07,0.00010239213387724445,0.010239213387724445,LOW,"Observed contribution across 2 files, 2 commits, and 12 changes."
singhlovepreet9,2,2,11,0.00017857142857142857,0.00012822156686754713,3.514556766945172e-07,0.0001023814837052234,0.01023814837052234,LOW,"Observed contribution across 2 files, 2 commits, and 11 changes."
theanarkh,2,2,7,0.00017857142857142857,0.00012822156686754713,2.2365361244196548e-07,0.00010233888301713922,0.010233888301713921,LOW,"Observed contribution across 2 files, 2 commits, and 7 changes."
saroasid-web,2,2,2,0.00017857142857142857,0.00012822156686754713,6.390103212627585e-08,0.00010228563215703398,0.010228563215703397,LOW,"Observed contribution across 2 files, 2 commits, and 2 changes."
JulianHock,1,3,41,8.928571428571429e-05,0.0001923323503013207,1.309971158588655e-06,9.430934524854122e-05,0.009430934524854122,LOW,"Observed contribution across 1 files, 3 commits, and 41 changes."
Boulea7,2,1,188,0.00017857142857142857,6.411078343377356e-05,6.00669701986993e-06,8.289630300835735e-05,0.008289630300835736,LOW,"Observed contribution across 2 files, 1 commits, and 188 changes."
rhopman,2,1,173,0.00017857142857142857,6.411078343377356e-05,5.527439278922861e-06,8.273655042804166e-05,0.008273655042804166,LOW,"Observed contribution across 2 files, 1 commits, and 173 changes."
lukasz-wronski,2,1,133,0.00017857142857142857,6.411078343377356e-05,4.249418636397344e-06,8.231054354719982e-05,0.008231054354719982,LOW,"Observed contribution across 2 files, 1 commits, and 133 changes."
jaxsonbunch,2,1,130,0.00017857142857142857,6.411078343377356e-05,4.15356708820793e-06,8.227859303113669e-05,0.008227859303113668,LOW,"Observed contribution across 2 files, 1 commits, and 130 changes."
clintharrison,2,1,117,0.00017857142857142857,6.411078343377356e-05,3.7382103793871374e-06,8.21401407948631e-05,0.00821401407948631,LOW,"Observed contribution across 2 files, 1 commits, and 117 changes."
tieo,2,1,112,0.00017857142857142857,6.411078343377356e-05,3.5784577990714477e-06,8.208688993475786e-05,0.008208688993475786,LOW,"Observed contribution across 2 files, 1 commits, and 112 changes."
leep-frog,2,1,88,0.00017857142857142857,6.411078343377356e-05,2.8116454135561375e-06,8.183128580625277e-05,0.008183128580625277,LOW,"Observed contribution across 2 files, 1 commits, and 88 changes."
xhugoliu,2,1,78,0.00017857142857142857,6.411078343377356e-05,2.492140252924758e-06,8.172478408604229e-05,0.008172478408604229,LOW,"Observed contribution across 2 files, 1 commits, and 78 changes."
sir-ad,2,1,77,0.00017857142857142857,6.411078343377356e-05,2.4601897368616203e-06,8.171413391402125e-05,0.008171413391402125,LOW,"Observed contribution across 2 files, 1 commits, and 77 changes."
NithishKumar04,2,1,74,0.00017857142857142857,6.411078343377356e-05,2.3643381886722066e-06,8.168218339795812e-05,0.008168218339795813,LOW,"Observed contribution across 2 files, 1 commits, and 74 changes."
mcorbettbma,2,1,74,0.00017857142857142857,6.411078343377356e-05,2.3643381886722066e-06,8.168218339795812e-05,0.008168218339795813,LOW,"Observed contribution across 2 files, 1 commits, and 74 changes."
alexis-obside,2,1,71,0.00017857142857142857,6.411078343377356e-05,2.268486640482793e-06,8.165023288189498e-05,0.008165023288189499,LOW,"Observed contribution across 2 files, 1 commits, and 71 changes."
Frulfump,2,1,62,0.00017857142857142857,6.411078343377356e-05,1.9809319959145513e-06,8.155438133370556e-05,0.008155438133370557,LOW,"Observed contribution across 2 files, 1 commits, and 62 changes."
ayanamist,2,1,62,0.00017857142857142857,6.411078343377356e-05,1.9809319959145513e-06,8.155438133370556e-05,0.008155438133370557,LOW,"Observed contribution across 2 files, 1 commits, and 62 changes."
Alexkkir,2,1,57,0.00017857142857142857,6.411078343377356e-05,1.8211794155988618e-06,8.150113047360034e-05,0.008150113047360033,LOW,"Observed contribution across 2 files, 1 commits, and 57 changes."
tybruffy,2,1,49,0.00017857142857142857,6.411078343377356e-05,1.5655752870937584e-06,8.141592909743196e-05,0.008141592909743195,LOW,"Observed contribution across 2 files, 1 commits, and 49 changes."
HoneyTyagii,2,1,49,0.00017857142857142857,6.411078343377356e-05,1.5655752870937584e-06,8.141592909743196e-05,0.008141592909743195,LOW,"Observed contribution across 2 files, 1 commits, and 49 changes."
smiling-x,2,1,44,0.00017857142857142857,6.411078343377356e-05,1.4058227067780687e-06,8.136267823732673e-05,0.008136267823732673,LOW,"Observed contribution across 2 files, 1 commits, and 44 changes."
lorenpaulsen,2,1,42,0.00017857142857142857,6.411078343377356e-05,1.341921674651793e-06,8.134137789328465e-05,0.008134137789328465,LOW,"Observed contribution across 2 files, 1 commits, and 42 changes."
jatjat,2,1,38,0.00017857142857142857,6.411078343377356e-05,1.2141196103992413e-06,8.129877720520046e-05,0.008129877720520045,LOW,"Observed contribution across 2 files, 1 commits, and 38 changes."
iuliand-db,2,1,31,0.00017857142857142857,6.411078343377356e-05,9.904659979572756e-07,8.122422600105314e-05,0.008122422600105313,LOW,"Observed contribution across 2 files, 1 commits, and 31 changes."
linghaoSu,2,1,30,0.00017857142857142857,6.411078343377356e-05,9.585154818941379e-07,8.121357582903209e-05,0.00812135758290321,LOW,"Observed contribution across 2 files, 1 commits, and 30 changes."
u9g,2,1,26,0.00017857142857142857,6.411078343377356e-05,8.307134176415861e-07,8.117097514094791e-05,0.008117097514094791,LOW,"Observed contribution across 2 files, 1 commits, and 26 changes."
mst-mkt,2,1,26,0.00017857142857142857,6.411078343377356e-05,8.307134176415861e-07,8.117097514094791e-05,0.008117097514094791,LOW,"Observed contribution across 2 files, 1 commits, and 26 changes."
atomlong,2,1,26,0.00017857142857142857,6.411078343377356e-05,8.307134176415861e-07,8.117097514094791e-05,0.008117097514094791,LOW,"Observed contribution across 2 files, 1 commits, and 26 changes."
AP1493,2,1,25,0.00017857142857142857,6.411078343377356e-05,7.987629015784482e-07,8.116032496892687e-05,0.008116032496892687,LOW,"Observed contribution across 2 files, 1 commits, and 25 changes."
TheRodzz,2,1,24,0.00017857142857142857,6.411078343377356e-05,7.668123855153102e-07,8.114967479690582e-05,0.008114967479690581,LOW,"Observed contribution across 2 files, 1 commits, and 24 changes."
spokodev,2,1,12,0.00017857142857142857,6.411078343377356e-05,3.834061927576551e-07,8.102187273265327e-05,0.008102187273265327,LOW,"Observed contribution across 2 files, 1 commits, and 12 changes."
Moli13337,2,1,4,0.00017857142857142857,6.411078343377356e-05,1.278020642525517e-07,8.093667135648489e-05,0.00809366713564849,LOW,"Observed contribution across 2 files, 1 commits, and 4 changes."
abhinav,2,1,4,0.00017857142857142857,6.411078343377356e-05,1.278020642525517e-07,8.093667135648489e-05,0.00809366713564849,LOW,"Observed contribution across 2 files, 1 commits, and 4 changes."
ItsJiro,1,2,279,8.928571428571429e-05,0.00012822156686754713,8.91419398161548e-06,7.547382504495896e-05,0.0075473825044958965,LOW,"Observed contribution across 1 files, 2 commits, and 279 changes."
arloor,1,2,171,8.928571428571429e-05,0.00012822156686754713,5.463538246796586e-06,7.432360646668599e-05,0.0074323606466686,LOW,"Observed contribution across 1 files, 2 commits, and 171 changes."
Adwait Hegde,1,2,158,8.928571428571429e-05,0.00012822156686754713,5.048181537975793e-06,7.41851542304124e-05,0.00741851542304124,LOW,"Observed contribution across 1 files, 2 commits, and 158 changes."
Piotrko64,1,2,45,8.928571428571429e-05,0.00012822156686754713,1.4377732228412067e-06,7.29816847920342e-05,0.007298168479203421,LOW,"Observed contribution across 1 files, 2 commits, and 45 changes."
shoemoney,1,2,22,8.928571428571429e-05,0.00012822156686754713,7.029113533890344e-07,7.273673083555015e-05,0.007273673083555015,LOW,"Observed contribution across 1 files, 2 commits, and 22 changes."
accnops,1,2,21,8.928571428571429e-05,0.00012822156686754713,6.709608373258965e-07,7.27260806635291e-05,0.00727260806635291,LOW,"Observed contribution across 1 files, 2 commits, and 21 changes."
piyushmadan,1,2,18,8.928571428571429e-05,0.00012822156686754713,5.751092891364827e-07,7.269413014746596e-05,0.007269413014746596,LOW,"Observed contribution across 1 files, 2 commits, and 18 changes."
aturzone,1,2,13,8.928571428571429e-05,0.00012822156686754713,4.1535670882079304e-07,7.264087928736073e-05,0.007264087928736073,LOW,"Observed contribution across 1 files, 2 commits, and 13 changes."
ErlangCPT,1,2,9,8.928571428571429e-05,0.00012822156686754713,2.8755464456824133e-07,7.259827859927655e-05,0.007259827859927655,LOW,"Observed contribution across 1 files, 2 commits, and 9 changes."
TumnusVirus,1,2,8,8.928571428571429e-05,0.00012822156686754713,2.556041285051034e-07,7.258762842725549e-05,0.007258762842725549,LOW,"Observed contribution across 1 files, 2 commits, and 8 changes."
atlarix-agent,1,2,6,8.928571428571429e-05,0.00012822156686754713,1.9170309637882755e-07,7.256632808321341e-05,0.007256632808321341,LOW,"Observed contribution across 1 files, 2 commits, and 6 changes."
UditDewan,1,2,4,8.928571428571429e-05,0.00012822156686754713,1.278020642525517e-07,7.254502773917132e-05,0.007254502773917131,LOW,"Observed contribution across 1 files, 2 commits, and 4 changes."
santhiprakash,1,2,4,8.928571428571429e-05,0.00012822156686754713,1.278020642525517e-07,7.254502773917132e-05,0.007254502773917131,LOW,"Observed contribution across 1 files, 2 commits, and 4 changes."
JeffreyCA,1,1,725,8.928571428571429e-05,6.411078343377356e-05,2.3164124145774997e-05,5.885354062175427e-05,0.005885354062175427,LOW,"Observed contribution across 1 files, 1 commits, and 725 changes."
alif416,1,1,162,8.928571428571429e-05,6.411078343377356e-05,5.175983602228344e-06,5.2857493773905395e-05,0.005285749377390539,LOW,"Observed contribution across 1 files, 1 commits, and 162 changes."
YOUR_NAME,1,1,100,8.928571428571429e-05,6.411078343377356e-05,3.195051606313793e-06,5.219718310860054e-05,0.005219718310860055,LOW,"Observed contribution across 1 files, 1 commits, and 100 changes."
Sluggish20,1,1,93,8.928571428571429e-05,6.411078343377356e-05,2.971397993871827e-06,5.212263190445322e-05,0.005212263190445322,LOW,"Observed contribution across 1 files, 1 commits, and 93 changes."
natemiller23,1,1,80,8.928571428571429e-05,6.411078343377356e-05,2.556041285051034e-06,5.198417966817962e-05,0.005198417966817962,LOW,"Observed contribution across 1 files, 1 commits, and 80 changes."
uq3095-rgb,1,1,66,8.928571428571429e-05,6.411078343377356e-05,2.108734060167103e-06,5.183507725988498e-05,0.005183507725988498,LOW,"Observed contribution across 1 files, 1 commits, and 66 changes."
brignano,1,1,60,8.928571428571429e-05,6.411078343377356e-05,1.9170309637882758e-06,5.17711762277587e-05,0.00517711762277587,LOW,"Observed contribution across 1 files, 1 commits, and 60 changes."
dhufnagel,1,1,58,8.928571428571429e-05,6.411078343377356e-05,1.8531299316619998e-06,5.174987588371662e-05,0.005174987588371662,LOW,"Observed contribution across 1 files, 1 commits, and 58 changes."
guuruu8,1,1,44,8.928571428571429e-05,6.411078343377356e-05,1.4058227067780687e-06,5.160077347542196e-05,0.005160077347542196,LOW,"Observed contribution across 1 files, 1 commits, and 44 changes."
rohitbytecode,1,1,28,8.928571428571429e-05,6.411078343377356e-05,8.946144497678619e-07,5.1430370723085226e-05,0.0051430370723085225,LOW,"Observed contribution across 1 files, 1 commits, and 28 changes."
Iitian001,1,1,26,8.928571428571429e-05,6.411078343377356e-05,8.307134176415861e-07,5.1409070379043144e-05,0.005140907037904314,LOW,"Observed contribution across 1 files, 1 commits, and 26 changes."
kondv,1,1,22,8.928571428571429e-05,6.411078343377356e-05,7.029113533890344e-07,5.136646969095896e-05,0.005136646969095896,LOW,"Observed contribution across 1 files, 1 commits, and 22 changes."
UgaTheDev,1,1,19,8.928571428571429e-05,6.411078343377356e-05,6.070598051996206e-07,5.1334519174895824e-05,0.005133451917489582,LOW,"Observed contribution across 1 files, 1 commits, and 19 changes."
Kidsunbo,1,1,19,8.928571428571429e-05,6.411078343377356e-05,6.070598051996206e-07,5.1334519174895824e-05,0.005133451917489582,LOW,"Observed contribution across 1 files, 1 commits, and 19 changes."
DijieDeng,1,1,19,8.928571428571429e-05,6.411078343377356e-05,6.070598051996206e-07,5.1334519174895824e-05,0.005133451917489582,LOW,"Observed contribution across 1 files, 1 commits, and 19 changes."
jukasper,1,1,18,8.928571428571429e-05,6.411078343377356e-05,5.751092891364827e-07,5.132386900287477e-05,0.005132386900287477,LOW,"Observed contribution across 1 files, 1 commits, and 18 changes."
jvPalma,1,1,17,8.928571428571429e-05,6.411078343377356e-05,5.431587730733448e-07,5.131321883085373e-05,0.0051313218830853725,LOW,"Observed contribution across 1 files, 1 commits, and 17 changes."
claude,1,1,15,8.928571428571429e-05,6.411078343377356e-05,4.792577409470689e-07,5.129191848681164e-05,0.0051291918486811635,LOW,"Observed contribution across 1 files, 1 commits, and 15 changes."
ameerhmz,1,1,15,8.928571428571429e-05,6.411078343377356e-05,4.792577409470689e-07,5.129191848681164e-05,0.0051291918486811635,LOW,"Observed contribution across 1 files, 1 commits, and 15 changes."
vishnukumar650,1,1,14,8.928571428571429e-05,6.411078343377356e-05,4.4730722488393096e-07,5.1281268314790585e-05,0.0051281268314790586,LOW,"Observed contribution across 1 files, 1 commits, and 14 changes."
Canmarha,1,1,12,8.928571428571429e-05,6.411078343377356e-05,3.834061927576551e-07,5.12599679707485e-05,0.00512599679707485,LOW,"Observed contribution across 1 files, 1 commits, and 12 changes."
rmyndharis,1,1,11,8.928571428571429e-05,6.411078343377356e-05,3.514556766945172e-07,5.124931779872745e-05,0.005124931779872745,LOW,"Observed contribution across 1 files, 1 commits, and 11 changes."
joltcoke,1,1,10,8.928571428571429e-05,6.411078343377356e-05,3.1950516063137926e-07,5.123866762670641e-05,0.0051238667626706405,LOW,"Observed contribution across 1 files, 1 commits, and 10 changes."
rhoggs-bot-test-account,1,1,9,8.928571428571429e-05,6.411078343377356e-05,2.8755464456824133e-07,5.122801745468536e-05,0.005122801745468536,LOW,"Observed contribution across 1 files, 1 commits, and 9 changes."
Hamjaster,1,1,9,8.928571428571429e-05,6.411078343377356e-05,2.8755464456824133e-07,5.122801745468536e-05,0.005122801745468536,LOW,"Observed contribution across 1 files, 1 commits, and 9 changes."
irontaek,1,1,9,8.928571428571429e-05,6.411078343377356e-05,2.8755464456824133e-07,5.122801745468536e-05,0.005122801745468536,LOW,"Observed contribution across 1 files, 1 commits, and 9 changes."
felipetruman,1,1,7,8.928571428571429e-05,6.411078343377356e-05,2.2365361244196548e-07,5.1206717110643264e-05,0.005120671711064327,LOW,"Observed contribution across 1 files, 1 commits, and 7 changes."
miachillgood,1,1,6,8.928571428571429e-05,6.411078343377356e-05,1.9170309637882755e-07,5.119606693862222e-05,0.0051196066938622225,LOW,"Observed contribution across 1 files, 1 commits, and 6 changes."
marvinroger,1,1,6,8.928571428571429e-05,6.411078343377356e-05,1.9170309637882755e-07,5.119606693862222e-05,0.0051196066938622225,LOW,"Observed contribution across 1 files, 1 commits, and 6 changes."
kishor-rajbanshi,1,1,6,8.928571428571429e-05,6.411078343377356e-05,1.9170309637882755e-07,5.119606693862222e-05,0.0051196066938622225,LOW,"Observed contribution across 1 files, 1 commits, and 6 changes."
abhi,1,1,5,8.928571428571429e-05,6.411078343377356e-05,1.5975258031568963e-07,5.118541676660118e-05,0.0051185416766601185,LOW,"Observed contribution across 1 files, 1 commits, and 5 changes."
SVOG23,1,1,4,8.928571428571429e-05,6.411078343377356e-05,1.278020642525517e-07,5.117476659458013e-05,0.005117476659458013,LOW,"Observed contribution across 1 files, 1 commits, and 4 changes."
abdeltaehass,1,1,4,8.928571428571429e-05,6.411078343377356e-05,1.278020642525517e-07,5.117476659458013e-05,0.005117476659458013,LOW,"Observed contribution across 1 files, 1 commits, and 4 changes."
cesaryuan,1,1,4,8.928571428571429e-05,6.411078343377356e-05,1.278020642525517e-07,5.117476659458013e-05,0.005117476659458013,LOW,"Observed contribution across 1 files, 1 commits, and 4 changes."
natahanjr,1,1,4,8.928571428571429e-05,6.411078343377356e-05,1.278020642525517e-07,5.117476659458013e-05,0.005117476659458013,LOW,"Observed contribution across 1 files, 1 commits, and 4 changes."
mark-wiemer,1,1,4,8.928571428571429e-05,6.411078343377356e-05,1.278020642525517e-07,5.117476659458013e-05,0.005117476659458013,LOW,"Observed contribution across 1 files, 1 commits, and 4 changes."
euxx,1,1,4,8.928571428571429e-05,6.411078343377356e-05,1.278020642525517e-07,5.117476659458013e-05,0.005117476659458013,LOW,"Observed contribution across 1 files, 1 commits, and 4 changes."
asd142513,1,1,4,8.928571428571429e-05,6.411078343377356e-05,1.278020642525517e-07,5.117476659458013e-05,0.005117476659458013,LOW,"Observed contribution across 1 files, 1 commits, and 4 changes."
amanx5,1,1,3,8.928571428571429e-05,6.411078343377356e-05,9.585154818941378e-08,5.1164116422559087e-05,0.005116411642255909,LOW,"Observed contribution across 1 files, 1 commits, and 3 changes."
kobihikri,1,1,2,8.928571428571429e-05,6.411078343377356e-05,6.390103212627585e-08,5.115346625053804e-05,0.005115346625053804,LOW,"Observed contribution across 1 files, 1 commits, and 2 changes."
MGPOCKY,1,1,2,8.928571428571429e-05,6.411078343377356e-05,6.390103212627585e-08,5.115346625053804e-05,0.005115346625053804,LOW,"Observed contribution across 1 files, 1 commits, and 2 changes."
keshu-g,1,1,2,8.928571428571429e-05,6.411078343377356e-05,6.390103212627585e-08,5.115346625053804e-05,0.005115346625053804,LOW,"Observed contribution across 1 files, 1 commits, and 2 changes."
deepika-rattewal,1,1,2,8.928571428571429e-05,6.411078343377356e-05,6.390103212627585e-08,5.115346625053804e-05,0.005115346625053804,LOW,"Observed contribution across 1 files, 1 commits, and 2 changes."
TheNotary,1,1,2,8.928571428571429e-05,6.411078343377356e-05,6.390103212627585e-08,5.115346625053804e-05,0.005115346625053804,LOW,"Observed contribution across 1 files, 1 commits, and 2 changes."
puabiq,1,1,2,8.928571428571429e-05,6.411078343377356e-05,6.390103212627585e-08,5.115346625053804e-05,0.005115346625053804,LOW,"Observed contribution across 1 files, 1 commits, and 2 changes."
Manikantayarasingu,1,1,2,8.928571428571429e-05,6.411078343377356e-05,6.390103212627585e-08,5.115346625053804e-05,0.005115346625053804,LOW,"Observed contribution across 1 files, 1 commits, and 2 changes."
Himan-D,1,1,2,8.928571428571429e-05,6.411078343377356e-05,6.390103212627585e-08,5.115346625053804e-05,0.005115346625053804,LOW,"Observed contribution across 1 files, 1 commits, and 2 changes."
damster101,1,1,2,8.928571428571429e-05,6.411078343377356e-05,6.390103212627585e-08,5.115346625053804e-05,0.005115346625053804,LOW,"Observed contribution across 1 files, 1 commits, and 2 changes."
hadley,1,1,2,8.928571428571429e-05,6.411078343377356e-05,6.390103212627585e-08,5.115346625053804e-05,0.005115346625053804,LOW,"Observed contribution across 1 files, 1 commits, and 2 changes."
chenlichao,1,1,2,8.928571428571429e-05,6.411078343377356e-05,6.390103212627585e-08,5.115346625053804e-05,0.005115346625053804,LOW,"Observed contribution across 1 files, 1 commits, and 2 changes."
ashykng,1,1,2,8.928571428571429e-05,6.411078343377356e-05,6.390103212627585e-08,5.115346625053804e-05,0.005115346625053804,LOW,"Observed contribution across 1 files, 1 commits, and 2 changes."
yzxcj797,1,1,2,8.928571428571429e-05,6.411078343377356e-05,6.390103212627585e-08,5.115346625053804e-05,0.005115346625053804,LOW,"Observed contribution across 1 files, 1 commits, and 2 changes."
bot,1,1,2,8.928571428571429e-05,6.411078343377356e-05,6.390103212627585e-08,5.115346625053804e-05,0.005115346625053804,LOW,"Observed contribution across 1 files, 1 commits, and 2 changes."
breck7,1,1,2,8.928571428571429e-05,6.411078343377356e-05,6.390103212627585e-08,5.115346625053804e-05,0.005115346625053804,LOW,"Observed contribution across 1 files, 1 commits, and 2 changes."
503badrr,1,1,1,8.928571428571429e-05,6.411078343377356e-05,3.1950516063137926e-08,5.114281607851699e-05,0.005114281607851699,LOW,"Observed contribution across 1 files, 1 commits, and 1 changes."
CatBraaain,1,1,1,8.928571428571429e-05,6.411078343377356e-05,3.1950516063137926e-08,5.114281607851699e-05,0.005114281607851699,LOW,"Observed contribution across 1 files, 1 commits, and 1 changes."
aruru,1,1,1,8.928571428571429e-05,6.411078343377356e-05,3.1950516063137926e-08,5.114281607851699e-05,0.005114281607851699,LOW,"Observed contribution across 1 files, 1 commits, and 1 changes."
bjgiraudon,1,1,1,8.928571428571429e-05,6.411078343377356e-05,3.1950516063137926e-08,5.114281607851699e-05,0.005114281607851699,LOW,"Observed contribution across 1 files, 1 commits, and 1 changes."
