pr_number,change_risk_label,total_changes
335913,0,114.0
335912,0,34.0
335911,0,47.0
335895,0,160.0
335890,0,404.0
335886,0,65.0
335882,0,320.0
335880,0,160.0
335878,0,456.0
335874,0,87.0
335872,0,210.0
335864,0,68.0
335860,0,4660.0
335853,0,28.0
335851,0,243.0
335847,0,256.0
335845,0,120.0
335843,0,9.0
335831,0,28.0
335828,0,1328.0
335827,0,0.0
335823,0,52.0
335817,0,179.0
335812,0,50.0
335807,0,224.0
335806,0,201.0
335805,0,259.0
335800,0,126.0
335799,0,126.0
335795,0,176.0
335793,0,2.0
335791,0,955.0
335785,0,246.0
335784,0,6.0
335783,0,201.0
335772,0,108.0
335770,0,126.0
335766,0,180.0
335762,0,23.0
335759,0,66.0
335753,0,0.0
335750,0,197.0
335746,0,762.0
335742,0,0.0
335741,0,209.0
335739,0,121.0
335736,0,154.0
335733,0,1137.0
335730,0,17.0
335727,0,156.0
335721,0,108.0
335717,0,321.0
335715,0,4.0
335712,0,13.0
335706,0,121.0
335700,0,271.0
335699,0,120.0
335698,0,114.0
335697,0,26.0
335696,0,64.0
335694,0,54.0
335689,0,4.0
335682,0,8.0
335667,0,48.0
335648,0,1336.0
335646,0,123.0
335637,0,4.0
335636,0,16.0
335633,0,206.0
335631,0,8.0
335628,0,258.0
335613,1,60420.0
335611,0,66.0
335610,0,97.0
335606,0,428.0
335605,1,7312.0
335604,0,1144.0
335601,0,2.0
335599,1,5073.0
335597,0,41.0
335596,0,501.0
335591,0,0.0
335583,0,4291.0
335582,1,5653.0
335580,0,338.0
335579,0,28.0
335577,0,316.0
335576,0,263.0
335568,0,1148.0
335567,0,12.0
335566,0,10.0
335564,0,89.0
335557,0,14.0
335553,0,228.0
335552,0,235.0
335551,1,27618.0
335550,0,70.0
335549,0,413.0
335543,0,248.0
335542,0,51.0
335539,0,202.0
335533,1,11434.0
335526,0,172.0
335525,1,18269.0
335522,0,482.0
335520,0,261.0
335518,0,392.0
335517,0,1800.0
335515,0,928.0
335511,0,2515.0
335510,1,8092.0
335506,0,972.0
335504,1,9750.0
335502,0,205.0
335501,0,1924.0
335497,0,5.0
335491,0,163.0
335490,0,89.0
335487,0,141.0
335482,0,157.0
335481,0,14.0
335480,1,23988.0
335479,1,6903.0
335478,0,34.0
335474,0,0.0
335471,0,32.0
335466,0,149.0
335463,0,145.0
335462,0,56.0
335461,0,145.0
335459,0,42.0
335455,0,33.0
335454,0,6.0
335453,0,4.0
335452,0,226.0
335450,0,20.0
335447,0,41.0
335443,0,69.0
335439,0,63.0
335436,0,58.0
335434,0,43.0
335433,0,343.0
335431,1,5905.0
335430,0,0.0
335427,0,2.0
335424,1,21634.0
335419,0,232.0
335417,0,191.0
335414,1,24969.0
335413,0,122.0
335410,0,38.0
335409,0,11.0
335408,0,234.0
335406,0,1418.0
335398,0,202.0
335391,0,1173.0
335390,0,113.0
335387,0,528.0
335384,0,36.0
335379,0,4273.0
335376,0,1303.0
335375,0,50.0
335373,0,120.0
335368,0,6.0
335366,0,1659.0
335364,0,0.0
335361,0,1820.0
335360,0,498.0
335358,0,841.0
335356,0,1037.0
335355,1,22461.0
335353,0,1054.0
335352,0,884.0
335344,0,357.0
335343,0,56.0
335342,0,192.0
335341,0,95.0
335337,0,107.0
335336,0,233.0
335333,1,45190.0
335325,0,626.0
335324,0,302.0
335318,0,99.0
335317,0,109.0
335308,0,300.0
335305,1,6889.0
335304,1,19461.0
335303,1,13186.0
335301,0,505.0
335298,0,1.0
335296,0,387.0
335294,0,47.0
335290,0,96.0
335289,1,21314.0
335286,0,134.0
335285,0,278.0
335284,0,1369.0
335282,0,1275.0
335280,0,10.0
335275,0,67.0
335273,0,1382.0
335270,0,4.0
335268,0,4336.0
335266,0,8.0
335265,0,2.0
335263,0,65.0
335262,1,22959.0
335261,0,48.0
335259,1,9873.0
335258,0,118.0
335255,0,2480.0
335254,0,370.0
335253,0,335.0
335247,1,22875.0
335246,0,133.0
335245,1,35609.0
335243,0,117.0
335242,1,19666.0
335241,0,191.0
335240,0,60.0
335239,0,5.0
335238,0,89.0
335236,0,12.0
335235,0,51.0
335234,0,4.0
335233,0,2.0
335231,0,34.0
335230,1,21183.0
335222,0,4.0
335206,0,78.0
335205,0,3444.0
335201,0,356.0
335198,0,23.0
335195,0,425.0
335185,1,20685.0
335179,0,2891.0
335175,0,1550.0
335173,0,312.0
335170,0,27.0
335169,0,73.0
335162,0,91.0
335161,0,1156.0
335160,0,52.0
335159,1,39750.0
335157,0,26.0
335155,1,6156.0
335152,0,22.0
335151,0,90.0
335147,0,2453.0
335142,0,74.0
335141,1,7375.0
335140,0,0.0
335139,0,108.0
335129,0,1.0
335128,0,120.0
335124,0,3.0
335120,0,120.0
335111,1,7841.0
335109,0,17.0
335108,0,3.0
335107,0,324.0
335105,0,143.0
335103,0,588.0
335101,0,11.0
335100,0,55.0
335096,0,82.0
335094,1,10384.0
335091,0,76.0
335089,0,0.0
335088,1,24077.0
335087,0,222.0
335083,0,82.0
335080,0,1173.0
335078,0,739.0
335076,0,1799.0
335075,0,106.0
335074,0,38.0
335072,0,2916.0
335070,0,1076.0
335067,0,913.0
335066,0,71.0
335065,0,6.0
335063,0,18.0
335062,0,68.0
335061,0,446.0
335060,0,26.0
335059,0,2.0
335058,0,2352.0
335057,1,14389.0
335056,1,25218.0
335055,1,22033.0
335053,1,25086.0
335051,1,11994.0
335050,0,321.0
335044,0,54.0
335042,0,170.0
335040,0,283.0
335039,0,721.0
335038,0,285.0
335030,0,59.0
335028,0,243.0
335018,0,2037.0
335013,0,120.0
335012,0,114.0
335011,0,23.0
335008,1,7423.0
335007,0,1.0
334990,0,2.0
334989,0,98.0
334987,0,145.0
334986,0,3173.0
334985,1,15999.0
334984,0,1551.0
334983,0,119.0
334981,0,3487.0
334980,0,2857.0
334978,0,104.0
334977,0,112.0
334976,0,10.0
334975,0,10.0
334974,0,1181.0
334973,0,1.0
334972,1,4785.0
334971,0,148.0
334968,0,27.0
334966,0,468.0
334965,0,126.0
334962,0,440.0
334961,0,594.0
334960,0,2.0
334958,0,314.0
334957,0,36.0
334955,0,15.0
334952,0,0.0
334948,0,83.0
334947,0,337.0
334946,0,150.0
334945,1,36034.0
334944,0,1138.0
334942,0,2165.0
334934,0,112.0
334931,0,71.0
334929,0,1477.0
334928,0,37.0
334924,0,93.0
334921,0,4.0
334919,0,345.0
334911,0,129.0
334909,0,26.0
334908,0,2919.0
334907,0,61.0
334904,0,604.0
334898,0,918.0
334889,0,192.0
334879,0,37.0
334877,0,19.0
334876,0,147.0
334874,0,0.0
334870,0,33.0
334865,0,1547.0
334864,0,1623.0
334863,1,10015.0
334862,0,0.0
334861,0,961.0
334838,0,4.0
334836,0,2156.0
334835,0,14.0
334834,0,18.0
334833,0,1073.0
334831,1,5643.0
334830,0,10.0
334829,0,258.0
334828,0,858.0
334826,0,3734.0
334824,0,4.0
334823,0,4.0
334818,1,35400.0
334812,0,398.0
334790,0,39.0
334787,0,145.0
334782,0,22.0
334781,0,147.0
334780,0,17.0
334779,0,210.0
334778,0,75.0
334773,1,8246.0
334769,0,192.0
334761,1,22383.0
334756,0,0.0
334753,0,88.0
334751,0,82.0
334749,0,279.0
334741,0,22.0
334739,0,243.0
334719,0,106.0
334705,1,19808.0
334702,0,176.0
334700,0,41.0
334696,0,858.0
334695,0,105.0
334694,0,2203.0
334689,0,2.0
334688,1,9966.0
334687,0,22.0
334680,0,82.0
334677,0,8.0
334674,0,4268.0
334672,0,127.0
334671,0,76.0
334670,1,10765.0
334667,0,0.0
334665,0,745.0
334664,0,153.0
334661,0,62.0
334658,0,11.0
334657,0,205.0
334655,0,165.0
334654,0,151.0
334652,0,151.0
334649,0,100.0
334648,0,636.0
334645,0,0.0
334644,0,1073.0
334643,0,25.0
334642,0,18.0
334641,0,111.0
334638,0,284.0
334637,0,61.0
334634,0,1666.0
334633,0,432.0
334627,1,36644.0
334626,0,59.0
334625,1,8392.0
334624,0,432.0
334620,0,1550.0
334612,0,95.0
334609,0,0.0
334607,0,1360.0
334606,1,21733.0
334604,0,3408.0
334602,1,16861.0
334594,0,576.0
334593,0,723.0
334591,0,986.0
334584,0,330.0
334568,1,12727.0
334566,0,75.0
334559,0,76.0
334554,0,200.0
334549,0,49.0
334546,0,61.0
334545,0,4.0
334544,0,1680.0
334540,0,4.0
334539,0,16.0
334538,0,48.0
334535,0,810.0
334534,0,2203.0
334533,0,6.0
334532,1,11956.0
334531,1,11892.0
334530,1,12036.0
334529,1,11901.0
334528,0,908.0
334526,0,112.0
334524,1,15506.0
334522,0,516.0
334521,1,7295.0
334520,0,889.0
334518,0,242.0
334516,0,66.0
334515,0,274.0
334514,1,11000.0
334513,1,56633.0
334512,0,3977.0
334510,1,12747.0
334509,0,1216.0
334507,1,29439.0
334506,0,8.0
334505,0,1.0
334498,0,579.0
334493,0,31.0
334490,0,260.0
334488,0,71.0
334487,0,381.0
334471,0,14.0
334465,0,128.0
334452,0,639.0
334450,0,3.0
334449,0,308.0
334446,0,372.0
334430,0,1.0
334426,0,48.0
334418,0,942.0
334417,1,37277.0
334416,0,102.0
334413,0,183.0
334412,0,13.0
334411,0,73.0
334410,0,282.0
334408,0,417.0
334402,0,899.0
334393,0,520.0
334390,0,127.0
334388,0,148.0
334385,0,277.0
334384,0,125.0
334382,0,26.0
334381,0,177.0
334379,0,64.0
334378,1,19214.0
334377,0,114.0
334376,0,63.0
334375,0,2272.0
334374,0,303.0
334373,0,50.0
334372,0,44.0
334371,1,43111.0
334370,1,20474.0
334369,1,42789.0
334368,0,1112.0
334367,0,640.0
334366,0,3969.0
334365,0,10.0
334363,0,71.0
334361,0,11.0
334358,0,1287.0
334357,0,4.0
334356,0,1174.0
334354,1,13316.0
334353,0,962.0
334348,0,167.0
334346,0,8.0
334344,0,57.0
334342,0,2.0
334341,1,29992.0
334339,0,4.0
334338,0,252.0
334337,0,115.0
334336,0,22.0
334335,0,159.0
334333,0,57.0
334332,1,43229.0
334331,0,74.0
334330,0,162.0
334329,0,220.0
334328,0,432.0
334327,0,188.0
334325,0,2.0
334324,0,230.0
334322,1,19992.0
334320,0,879.0
334319,0,46.0
334318,0,90.0
334317,0,52.0
334316,1,17166.0
334313,0,9.0
334312,1,22444.0
334311,0,20.0
334310,0,227.0
334309,0,12.0
334308,0,322.0
334307,1,9523.0
334306,1,4985.0
334304,0,19.0
334303,0,1205.0
334302,0,45.0
334301,0,217.0
334300,1,5875.0
334299,0,42.0
334297,0,225.0
334295,0,68.0
334294,0,95.0
334290,0,75.0
334289,0,452.0
334287,0,186.0
334280,0,2.0
334279,0,149.0
334278,0,570.0
334277,0,12.0
334276,0,56.0
334270,1,27812.0
334269,0,244.0
334260,0,220.0
334259,0,78.0
334258,0,96.0
334255,0,52.0
334250,1,9863.0
334249,1,14332.0
334245,0,399.0
334242,0,47.0
334240,0,1132.0
334238,0,6.0
334237,0,4.0
334235,0,41.0
334233,1,15133.0
334231,0,30.0
334230,0,9.0
334226,0,781.0
334224,0,137.0
334223,0,0.0
334222,0,513.0
334221,0,331.0
334215,0,97.0
334213,0,71.0
334212,0,286.0
334209,0,471.0
334208,0,45.0
334205,1,17466.0
334204,0,99.0
334203,0,10.0
334202,0,4.0
334197,0,315.0
334192,1,37989.0
334191,0,77.0
334189,0,42.0
334188,0,6.0
334184,1,34269.0
334180,0,313.0
334179,0,22.0
334177,0,720.0
334176,0,153.0
334175,0,8.0
334163,1,18493.0
334154,0,178.0
334151,0,107.0
334150,1,34345.0
334147,0,33.0
334146,0,662.0
334145,0,272.0
334143,0,477.0
334141,1,35735.0
334140,0,0.0
334139,0,10.0
334137,0,23.0
334136,0,872.0
334135,0,70.0
334133,0,381.0
334132,0,99.0
334131,0,400.0
334130,0,410.0
334129,1,27212.0
334128,1,15427.0
334127,0,998.0
334125,0,57.0
334124,0,266.0
334123,0,138.0
334122,0,985.0
334120,0,88.0
334118,0,117.0
334117,0,0.0
334116,0,1310.0
334115,1,175025.0
334113,0,1009.0
334111,0,3201.0
334110,0,50.0
334108,0,2141.0
334105,0,3207.0
334104,0,303.0
334103,0,75.0
334102,0,75.0
334101,0,1403.0
334100,0,20.0
334098,0,124.0
334096,0,83.0
334095,0,72.0
334094,0,56.0
334091,1,13074.0
334089,1,9165.0
334087,0,157.0
334086,1,10888.0
334085,0,55.0
334084,0,4005.0
334083,0,25.0
334082,0,43.0
334081,1,16181.0
334080,0,1045.0
334079,0,574.0
334078,0,120.0
334072,0,411.0
334071,0,586.0
334068,0,1351.0
334067,0,50.0
334066,0,183.0
334065,0,279.0
334063,1,25768.0
334060,0,6.0
334057,0,186.0
334056,0,165.0
334053,0,0.0
334052,0,37.0
334051,0,56.0
334049,0,486.0
334048,0,56.0
334047,0,0.0
334045,0,456.0
334044,0,433.0
334043,0,496.0
334042,0,1567.0
334040,0,210.0
334039,0,56.0
334038,0,42.0
334037,0,63.0
334036,0,783.0
334034,0,474.0
334032,0,250.0
334030,0,5.0
334026,0,6.0
334025,0,28.0
334024,0,27.0
334022,0,3391.0
334021,0,48.0
334013,0,21.0
334011,0,101.0
334010,0,401.0
334008,0,271.0
334005,0,185.0
334003,0,803.0
334002,0,28.0
334001,0,45.0
334000,1,16958.0
333999,0,75.0
333998,0,277.0
333992,0,3049.0
333991,0,144.0
333989,0,569.0
333987,0,58.0
333986,0,66.0
333985,0,231.0
333984,0,75.0
333982,1,21596.0
333981,0,111.0
333980,0,56.0
333973,0,1067.0
333970,0,148.0
333969,0,96.0
333968,1,7795.0
333965,1,57844.0
333964,0,1124.0
333963,1,15779.0
333962,0,62.0
333961,0,164.0
333960,0,2.0
333959,0,19.0
333956,0,270.0
333955,1,17017.0
333953,0,32.0
333952,0,0.0
333949,0,6.0
333946,0,42.0
333945,0,11.0
333943,1,27215.0
333942,0,176.0
333938,0,230.0
333937,0,253.0
333936,0,0.0
333930,0,1501.0
333928,0,330.0
333926,0,823.0
333925,0,16.0
333923,0,137.0
333922,1,6194.0
333921,0,1133.0
333920,0,554.0
333919,0,98.0
333917,0,492.0
333916,0,199.0
333914,0,172.0
333909,1,26663.0
333908,0,101.0
333905,0,3.0
333904,0,11.0
333903,0,26.0
333902,0,3829.0
333899,0,148.0
333897,1,6482.0
333896,0,373.0
333893,0,24.0
333892,0,88.0
333891,0,0.0
333889,0,629.0
333888,0,53.0
333886,0,4623.0
333883,0,568.0
333881,0,0.0
333878,0,3.0
333874,0,56.0
333873,0,282.0
333872,0,377.0
333871,0,50.0
333870,0,158.0
333869,1,15424.0
333868,0,4.0
333864,0,702.0
333863,0,159.0
333862,0,2.0
333861,0,51.0
333859,0,224.0
333858,1,19105.0
333857,0,91.0
333855,0,52.0
333854,0,133.0
333853,0,1701.0
333851,0,1936.0
333847,0,196.0
333846,0,132.0
333844,0,127.0
333842,0,229.0
333840,1,15534.0
333839,0,1629.0
333838,0,26.0
333837,0,50.0
333835,0,439.0
333834,1,5970.0
333833,0,555.0
333831,0,72.0
333829,0,428.0
333827,0,591.0
333826,0,65.0
333825,0,1529.0
333823,0,679.0
333822,0,38.0
333821,0,46.0
333818,0,1390.0
333815,0,54.0
333813,0,4.0
333812,0,10.0
333811,0,279.0
333810,0,1214.0
333808,0,58.0
333804,0,58.0
333803,0,1733.0
333801,0,6.0
333800,0,214.0
333798,0,6.0
333796,0,3196.0
333795,0,0.0
333791,0,567.0
333789,0,152.0
333787,0,106.0
333784,1,8052.0
333782,0,335.0
333781,0,146.0
333780,0,29.0
333775,0,316.0
333774,0,68.0
333773,0,12.0
333767,0,2.0
333762,0,8.0
333756,0,1544.0
333754,0,10.0
333753,0,78.0
333751,0,41.0
333749,0,172.0
333748,0,6.0
333746,0,290.0
333745,0,64.0
333744,0,60.0
333743,0,26.0
333741,0,41.0
333739,0,2319.0
333737,0,22.0
333736,0,1644.0
333734,0,63.0
333733,0,13.0
333732,0,72.0
333727,1,39250.0
333719,0,19.0
333712,0,66.0
333710,0,574.0
333708,0,2.0
333707,0,205.0
333706,1,5170.0
333705,0,6.0
333704,0,205.0
333703,0,78.0
333702,1,37700.0
333698,0,4051.0
333697,1,19562.0
333696,0,316.0
333694,1,6408.0
333693,1,16553.0
333692,0,32.0
333689,1,9901.0
333687,1,10591.0
333683,0,107.0
333676,0,0.0
333673,0,14.0
333669,0,0.0
333668,0,265.0
333666,0,1011.0
333664,1,7995.0
333663,0,1107.0
333662,0,0.0
333661,0,23.0
333657,0,17.0
333655,0,0.0
333654,0,467.0
333653,0,11.0
333651,0,9.0
333650,0,22.0
333649,0,12.0
333647,0,36.0
333646,0,1320.0
333645,0,894.0
333641,0,186.0
333640,0,32.0
333638,0,43.0
333636,0,0.0
333635,0,3685.0
333634,1,14277.0
333632,0,1431.0
333629,0,93.0
333628,0,18.0
333627,0,59.0
333626,0,855.0
333620,0,76.0
333618,0,553.0
333617,0,49.0
333615,0,69.0
333614,0,343.0
333612,0,0.0
333611,0,27.0
333610,0,108.0
333608,0,56.0
333606,0,10.0
333604,0,14.0
333603,0,76.0
333602,0,12.0
333597,0,232.0
333596,0,13.0
333595,0,384.0
333590,0,292.0
333582,0,192.0
333580,0,309.0
333579,0,702.0
333575,0,412.0
333574,0,8.0
333573,0,135.0
333570,0,80.0
333568,0,218.0
333567,0,232.0
333566,0,118.0
333565,0,2.0
333563,0,99.0
333558,0,209.0
333554,0,6.0
333541,1,6465.0
333539,0,740.0
333532,0,158.0
333531,0,1234.0
333530,0,12.0
333526,0,354.0
333525,0,742.0
333524,0,1588.0
333511,0,51.0
333508,0,26.0
333499,0,21.0
333495,0,8.0
333488,0,95.0
333477,0,87.0
333475,0,203.0
333473,0,53.0
333472,0,222.0
333466,0,16.0
333465,0,4.0
333464,0,2.0
333463,0,522.0
333457,0,653.0
333454,0,1208.0
333448,0,939.0
333443,0,0.0
333441,0,90.0
333439,0,12.0
333438,0,9.0
333436,0,624.0
333435,0,96.0
333432,0,153.0
333431,0,12.0
333429,0,116.0
333428,0,514.0
333426,0,779.0
333423,0,785.0
333418,0,40.0
333412,1,768347.0
333411,0,2.0
333410,0,2477.0
333404,0,632.0
333399,0,26.0
333398,0,62.0
333397,0,108.0
333394,1,5270.0
333391,1,6972.0
333390,0,56.0
333389,0,668.0
333385,0,5.0
333383,1,16985.0
333381,0,4.0
333376,0,148.0
333372,0,266.0
333365,1,18872.0
333363,0,173.0
333360,0,123.0
333359,0,85.0
333356,0,23.0
333353,0,40.0
333350,1,23559.0
333340,0,58.0
333336,0,30.0
333334,0,226.0
333333,0,102.0
333328,0,600.0
333326,1,21761.0
333319,0,112.0
333318,0,1310.0
333314,0,90.0
333308,0,132.0
333307,0,14.0
333304,0,406.0
333302,0,104.0
333300,0,126.0
333296,1,23121.0
333295,0,290.0
333291,0,452.0
333290,0,120.0
333289,0,249.0
333288,1,14097.0
333287,0,478.0
333286,1,25634.0
333285,0,92.0
333282,0,195.0
333281,1,7152.0
333279,0,42.0
333277,0,692.0
333275,1,29842.0
333274,0,189.0
333273,0,285.0
333272,0,344.0
333271,1,10810.0
333264,0,182.0
333263,1,30252.0
333262,0,89.0
333260,0,191.0
333258,0,17.0
333256,1,28570.0
333251,0,973.0
333249,1,5991.0
333247,0,64.0
333244,0,0.0
333243,0,105.0
333241,0,4.0
333240,0,2764.0
333238,1,5514.0
333236,0,0.0
333235,0,99.0
333231,0,17.0
333227,0,22.0
333226,1,15747.0
333222,0,2.0
333218,0,242.0
333216,0,396.0
333215,0,1305.0
333214,0,219.0
333212,0,47.0
333211,0,798.0
333206,0,0.0
333201,0,158.0
333200,0,83.0
333198,0,1041.0
333196,1,21153.0
333195,0,54.0
333191,0,1735.0
333189,1,13903.0
333187,0,40.0
333186,0,72.0
333185,0,439.0
333184,0,672.0
333183,0,0.0
333182,0,162.0
333181,0,490.0
333179,0,51.0
333171,0,1425.0
333169,0,82.0
333167,0,501.0
333166,0,2.0
333165,0,26.0
333164,0,83.0
333163,0,245.0
333162,0,213.0
333161,0,216.0
333158,0,18.0
333157,1,12815.0
333155,1,38945.0
333152,0,29.0
333144,0,412.0
333138,0,120.0
333137,0,9.0
333135,0,123.0
333133,0,104.0
333130,1,47248.0
333127,1,21699.0
333126,0,4.0
333124,0,4.0
333122,0,195.0
333120,1,10596.0
333117,0,41.0
333115,0,469.0
333110,0,213.0
333108,0,740.0
333105,0,2.0
333103,0,1053.0
333102,0,414.0
333101,0,0.0
333098,0,1810.0
333096,0,809.0
333094,0,7.0
333091,0,10.0
333090,0,16.0
333088,0,90.0
333086,0,128.0
333084,0,334.0
333083,0,288.0
333082,0,73.0
333081,0,40.0
333080,1,11765.0
333078,0,935.0
333076,0,61.0
333075,0,33.0
333074,0,32.0
333073,0,1310.0
333072,0,200.0
333061,0,305.0
333059,0,6.0
333058,0,4.0
333057,0,436.0
333056,0,1001.0
333055,0,57.0
333052,0,2785.0
333051,0,2869.0
333050,0,111.0
333048,0,22.0
333047,0,48.0
333045,1,11756.0
333044,0,142.0
333043,0,36.0
333041,1,8299.0
333040,0,120.0
333038,1,15901.0
333036,0,1656.0
333032,1,18411.0
333031,0,4582.0
333030,1,18370.0
333029,0,321.0
333028,0,15.0
333027,0,794.0
333022,0,34.0
333021,0,13.0
333014,1,9742.0
333011,0,144.0
333010,0,0.0
333008,0,75.0
333003,0,5.0
333000,0,104.0
332999,0,0.0
332998,1,20300.0
332994,0,39.0
332992,0,3365.0
332989,0,2.0
332987,1,16625.0
332985,1,43056.0
332984,0,139.0
332982,1,7702.0
332981,0,143.0
332979,0,1197.0
332977,0,112.0
332976,0,22.0
332974,0,106.0
332971,0,971.0
332970,0,56.0
332968,0,220.0
332967,0,467.0
332966,0,430.0
332965,0,1509.0
332964,0,442.0
332963,0,852.0
332962,0,384.0
332961,0,1155.0
332958,0,2.0
332953,0,118.0
332952,1,31432.0
332951,0,1001.0
332950,1,17955.0
332948,1,29583.0
332945,0,172.0
332943,0,38.0
332942,0,0.0
332941,0,201.0
332939,0,275.0
332937,1,6122.0
332935,0,2092.0
332932,0,2656.0
332931,0,0.0
332929,1,49566.0
332926,0,193.0
332923,0,66.0
332922,0,0.0
332918,0,231.0
332916,0,17.0
332911,0,333.0
332909,0,139.0
332908,0,55.0
332904,0,2787.0
332900,0,13.0
332899,0,86.0
332895,0,1.0
332893,0,207.0
332892,0,474.0
332891,0,211.0
332890,1,5252.0
332878,0,129.0
332876,0,292.0
332875,0,6.0
332874,0,59.0
332872,0,77.0
332869,0,279.0
332864,0,101.0
332863,0,164.0
332855,0,354.0
332844,0,143.0
332841,0,903.0
332839,0,129.0
332838,0,2538.0
332835,0,80.0
332834,1,27409.0
332833,1,5320.0
332828,1,22058.0
332827,1,58366.0
332826,1,10651.0
332825,0,3669.0
332824,0,0.0
332823,0,121.0
332822,0,74.0
332821,0,150.0
332820,1,10689.0
332818,0,4.0
332817,0,15.0
332815,0,10.0
332814,0,22.0
332813,0,18.0
332812,1,9293.0
332809,1,16872.0
332807,0,112.0
332804,0,284.0
332803,1,12626.0
332802,0,26.0
332801,0,628.0
332800,0,379.0
332799,1,16175.0
332796,0,1.0
332795,1,12434.0
332793,0,170.0
332792,0,806.0
332791,0,349.0
332789,0,978.0
332788,1,4993.0
332786,0,7.0
332785,0,78.0
332784,0,599.0
332783,1,21894.0
332781,1,52339.0
332779,0,796.0
332776,1,159227.0
332773,1,16265.0
332767,1,11764.0
332766,1,17439.0
332762,0,28.0
332760,1,10111.0
332759,0,768.0
332758,1,20564.0
332757,0,909.0
332756,0,4.0
332750,0,45.0
332745,1,27275.0
332743,0,2.0
332742,1,6530.0
332739,0,0.0
332738,0,34.0
332735,0,46.0
332731,0,35.0
332728,0,596.0
332726,1,43609.0
332723,0,154.0
332722,0,17.0
332720,0,2011.0
332718,0,9.0
332716,0,58.0
332714,0,4.0
332713,0,51.0
332709,0,2.0
332708,0,0.0
332705,0,94.0
332704,0,9.0
332703,0,224.0
332697,1,32647.0
332696,0,62.0
332691,0,1563.0
332689,1,7937.0
332687,0,1487.0
332685,0,734.0
332681,0,262.0
332680,0,3784.0
332677,0,162.0
332674,1,29475.0
332669,1,15900.0
332668,0,72.0
332664,0,227.0
332661,0,22.0
332660,0,756.0
332658,0,0.0
332657,0,2304.0
332656,0,288.0
332655,1,22637.0
332654,0,2132.0
332653,0,227.0
332649,0,119.0
332646,0,13.0
332645,0,657.0
332643,0,198.0
332639,1,17573.0
332638,0,226.0
332637,0,51.0
332636,0,81.0
332634,0,2391.0
332632,0,102.0
332630,0,84.0
332629,0,25.0
332628,0,73.0
332627,0,11.0
332626,0,99.0
332625,0,203.0
332624,0,64.0
332623,0,11.0
332621,1,12595.0
332612,0,97.0
332609,0,167.0
332608,0,954.0
332607,0,105.0
332606,0,697.0
332605,0,70.0
332604,0,7.0
332602,1,8488.0
332598,0,673.0
332594,0,3.0
332593,1,33489.0
332590,0,93.0
332589,0,236.0
332588,1,4775.0
332587,0,8.0
332586,1,16154.0
332585,0,2.0
332584,0,31.0
332583,0,4.0
332581,1,6083.0
332580,1,44112.0
332579,1,59061.0
332576,0,4.0
332574,0,147.0
332573,0,43.0
332572,0,62.0
332571,0,618.0
332569,0,259.0
332564,0,301.0
332562,0,53.0
332561,0,11.0
332558,0,0.0
332554,1,16799.0
332553,0,85.0
332552,0,0.0
332551,0,1.0
332550,0,168.0
332549,0,158.0
332548,0,129.0
332547,0,95.0
332544,1,39393.0
332541,0,118.0
332539,0,59.0
332538,0,1543.0
332535,0,164.0
332534,0,173.0
332533,0,596.0
332532,0,22.0
332531,0,113.0
332530,1,25623.0
332529,0,3.0
332528,0,129.0
332527,0,71.0
332524,0,31.0
332522,0,18.0
332521,0,113.0
332520,0,33.0
332519,0,3705.0
332517,0,206.0
332516,0,119.0
332512,0,401.0
332511,0,2743.0
332510,0,21.0
332509,0,22.0
332508,0,94.0
332504,0,2.0
332503,0,345.0
332499,0,89.0
332496,0,1880.0
332495,0,1051.0
332494,0,36.0
332489,0,4.0
332487,1,7496.0
332485,1,7787.0
332481,1,31037.0
332480,0,1842.0
332478,0,1.0
332476,1,15277.0
332475,0,1.0
332472,1,24301.0
332471,1,26171.0
332470,1,24566.0
332469,0,53.0
332466,0,9.0
332465,0,13.0
332463,0,2.0
332462,0,87.0
332461,1,153437.0
332460,0,1862.0
332458,1,39748.0
332457,0,1008.0
332456,0,390.0
332455,0,319.0
332454,0,274.0
332453,0,35.0
332452,0,8.0
332451,0,96.0
332450,0,145.0
332449,1,13668.0
332448,0,211.0
332447,0,96.0
332446,0,4097.0
332445,1,5675.0
332443,1,25348.0
332440,0,2611.0
332439,0,23.0
332438,0,137.0
332435,0,825.0
332427,1,9016.0
332426,0,106.0
332425,0,58.0
332424,1,19199.0
332421,1,89385.0
332419,1,44260.0
332415,0,329.0
332414,0,184.0
332413,0,58.0
332412,0,192.0
332411,0,34.0
332410,1,299896.0
332408,0,31.0
332405,0,192.0
332403,0,210.0
332401,0,58.0
332398,0,241.0
332397,0,260.0
332394,0,3115.0
332389,0,90.0
332388,0,3233.0
332382,0,243.0
332381,0,90.0
332375,0,375.0
332374,0,67.0
332372,0,5.0
332368,0,1240.0
332365,0,67.0
332355,0,65.0
332354,0,64.0
332350,0,64.0
332346,1,72724.0
332343,0,972.0
332340,1,45520.0
332338,0,15.0
332337,0,114.0
332334,1,37032.0
332332,1,196148.0
332330,1,68406.0
332329,0,2.0
332322,0,109.0
332321,0,180.0
332319,0,107.0
332317,0,122.0
332316,0,311.0
332315,0,12.0
332312,0,680.0
332311,0,102.0
332308,0,118.0
332307,0,133.0
332306,0,131.0
332304,0,32.0
332303,1,14907.0
332299,1,21979.0
332298,0,97.0
332297,0,237.0
332296,0,24.0
332293,0,622.0
332288,0,26.0
332287,0,0.0
332284,0,26.0
332280,0,720.0
332274,1,22333.0
332271,0,95.0
332270,0,10.0
332269,0,6.0
332267,0,171.0
332266,0,2.0
332264,1,20197.0
332262,0,2.0
332260,0,4.0
332256,0,312.0
332255,0,2660.0
332253,0,4.0
332252,0,14.0
332247,0,725.0
332246,0,230.0
332245,0,25.0
332243,0,16.0
332242,0,4.0
332240,0,42.0
332239,0,7.0
332233,0,1814.0
332232,0,21.0
332229,0,181.0
332228,0,109.0
332227,0,105.0
332223,0,38.0
332219,0,538.0
332218,0,157.0
332217,0,10.0
332216,0,13.0
332214,0,59.0
332213,0,41.0
332212,0,82.0
332211,0,34.0
332210,0,437.0
332209,1,53251.0
332208,0,147.0
332206,1,38144.0
332203,0,350.0
332200,0,29.0
332196,0,188.0
332195,0,6.0
332190,0,271.0
332189,0,98.0
332188,0,246.0
332187,0,690.0
332184,0,236.0
332183,0,218.0
332178,0,294.0
332177,0,454.0
332175,0,119.0
332174,0,288.0
332173,1,22405.0
332170,0,432.0
332168,0,16.0
332164,0,2.0
332162,0,1609.0
332153,1,67039.0
332150,1,66663.0
332148,0,57.0
332143,0,95.0
332142,0,4.0
332140,0,2700.0
332139,0,36.0
332137,0,287.0
332133,1,18250.0
332130,0,124.0
332123,0,93.0
332122,0,49.0
332112,0,8.0
332111,0,484.0
332108,0,600.0
332103,0,71.0
332102,0,2.0
332100,0,54.0
332099,0,216.0
332098,0,278.0
332095,1,67627.0
332093,0,60.0
332091,0,4.0
332089,0,326.0
332088,1,24630.0
332086,0,4.0
332084,1,88254.0
332081,0,20.0
332080,0,81.0
332076,0,8.0
332075,0,120.0
332071,0,584.0
332068,0,6.0
332067,1,58411.0
332066,1,60353.0
332064,0,5.0
332063,0,10.0
332062,0,4372.0
332059,0,103.0
332058,0,766.0
332055,0,86.0
332054,0,4205.0
332052,1,54873.0
332049,0,67.0
332048,1,91874.0
332045,1,11544.0
332043,0,992.0
332042,0,153.0
332041,0,482.0
332039,0,184.0
332038,0,59.0
332037,1,42542.0
332036,0,0.0
332035,0,0.0
332034,0,210.0
332032,1,58676.0
332029,1,59066.0
332028,0,2.0
332026,0,255.0
332021,1,72194.0
332019,0,4.0
332018,1,55727.0
332017,0,2797.0
332012,1,4858.0
332007,1,6239.0
332006,0,158.0
332005,0,57.0
332004,0,2861.0
332003,0,572.0
332002,0,235.0
332000,0,1119.0
331999,1,10444.0
331998,0,1217.0
331997,1,17175.0
331996,0,814.0
331992,1,5958.0
331990,1,21880.0
331989,1,66326.0
331986,0,41.0
331985,1,69308.0
331983,1,119355.0
331982,1,57593.0
331981,1,58395.0
331978,0,2080.0
331977,0,25.0
331976,0,0.0
331975,0,898.0
331972,1,57872.0
331971,0,730.0
331970,0,437.0
331969,0,0.0
331966,0,60.0
331965,0,34.0
331964,0,34.0
331962,0,638.0
331961,0,4.0
331957,0,2.0
331956,0,4.0
331952,1,10273.0
331949,0,13.0
331948,0,1.0
331946,0,147.0
331945,1,64685.0
331944,0,6.0
331941,0,4.0
331940,0,600.0
331939,1,65107.0
331938,0,85.0
331934,1,45734.0
331928,0,697.0
331927,0,321.0
331925,1,20963.0
331924,0,6.0
331921,0,24.0
331920,0,32.0
331918,0,78.0
331913,0,1.0
331912,0,480.0
331911,1,20697.0
331910,0,173.0
331908,1,15003.0
331902,0,21.0
331899,0,138.0
331897,1,58450.0
331896,1,36046.0
331895,0,233.0
331893,0,43.0
331891,0,8.0
331890,0,68.0
331887,0,204.0
331886,0,938.0
331885,0,72.0
331883,1,25667.0
331881,1,26795.0
331880,0,85.0
331878,0,1168.0
331877,0,226.0
331874,1,25799.0
331872,0,61.0
331871,0,111.0
331870,0,70.0
331867,0,816.0
331866,1,25763.0
331865,0,674.0
331862,0,629.0
331861,1,73385.0
331860,0,17.0
331859,0,2065.0
331857,1,12931.0
331855,1,20719.0
331851,0,534.0
331850,1,14733.0
331848,0,367.0
331847,0,126.0
331846,1,5508.0
331844,0,664.0
331843,0,79.0
331841,0,669.0
331840,1,25505.0
331839,0,11.0
331837,1,25183.0
331836,0,1665.0
331833,0,450.0
331831,0,210.0
331830,0,338.0
331829,0,63.0
331825,0,61.0
331822,0,0.0
331821,0,256.0
331816,0,398.0
331809,0,402.0
331808,0,417.0
331805,0,13.0
331804,0,93.0
331803,1,50074.0
331802,0,208.0
331801,0,303.0
331800,1,30849.0
331799,0,320.0
331798,1,171825.0
331796,1,168930.0
331794,1,19077.0
331793,0,3.0
331792,0,310.0
331791,0,476.0
331785,1,23487.0
331782,1,28499.0
331776,0,600.0
331775,0,2.0
331772,0,79.0
331771,1,77543.0
331767,0,76.0
331760,0,77.0
331759,0,42.0
331758,0,94.0
331755,0,35.0
331753,0,35.0
331752,0,177.0
331749,0,670.0
331741,0,4489.0
331740,0,2820.0
331739,0,4462.0
331738,1,35571.0
331737,0,541.0
331736,0,638.0
331735,0,143.0
331734,0,2.0
331731,0,397.0
331730,0,0.0
331728,1,22653.0
331727,0,725.0
331726,0,10.0
331724,1,27397.0
331723,0,1194.0
331722,0,55.0
331721,0,304.0
331720,0,1259.0
331719,0,325.0
331716,0,2837.0
331715,0,169.0
331713,0,6.0
331712,0,74.0
331711,0,42.0
331710,0,335.0
331709,0,38.0
331706,0,1535.0
331703,0,850.0
331702,1,24457.0
331701,1,37463.0
331700,0,698.0
331698,0,59.0
331697,1,10378.0
331696,0,59.0
331694,1,41093.0
331692,0,106.0
331691,1,67082.0
331689,0,13.0
331685,1,25582.0
331684,1,27319.0
331683,0,137.0
331682,0,388.0
331681,0,30.0
331680,0,29.0
331679,0,282.0
331676,0,198.0
331674,0,416.0
331673,0,140.0
331670,0,15.0
331669,0,571.0
331668,0,82.0
331667,1,24217.0
331665,1,22372.0
331664,0,0.0
331662,0,0.0
331661,1,17257.0
331660,0,0.0
331657,0,10.0
331645,0,266.0
331644,0,99.0
331643,0,10.0
331640,0,11.0
331635,1,29983.0
331631,0,2.0
331630,0,23.0
331629,0,32.0
331628,0,112.0
331627,0,204.0
331626,0,36.0
331625,0,349.0
331623,0,3.0
331620,1,21007.0
331619,0,63.0
331618,1,21304.0
331617,0,78.0
331614,0,5.0
331612,0,153.0
331611,0,29.0
331606,1,22955.0
331604,1,18930.0
331603,0,0.0
331602,1,25031.0
331596,0,85.0
331591,1,20475.0
331588,1,67571.0
331587,1,27663.0
331586,0,113.0
331585,0,0.0
331577,0,63.0
331576,0,17.0
331575,0,45.0
331574,0,498.0
331573,1,70624.0
331571,0,66.0
331569,0,79.0
331565,0,3023.0
331564,0,4.0
331561,1,24892.0
331560,0,89.0
331559,0,53.0
331558,0,93.0
331557,0,268.0
331556,0,58.0
331555,0,9.0
331552,1,7423.0
331551,0,440.0
331550,1,19678.0
331549,0,390.0
331547,0,63.0
331545,0,62.0
331544,0,3417.0
331543,0,46.0
331540,0,33.0
331539,0,35.0
331536,0,434.0
331533,0,417.0
331530,1,38066.0
331529,1,20485.0
331527,0,154.0
331525,0,1306.0
331524,0,30.0
331523,0,121.0
331522,1,18143.0
331520,0,2.0
331519,0,274.0
331518,1,4907.0
331516,0,3306.0
331515,0,3415.0
331514,1,29536.0
331512,0,55.0
331510,0,30.0
331509,1,56213.0
331506,0,30.0
331505,0,2467.0
331503,0,1200.0
331501,0,143.0
331499,0,67.0
331496,0,10.0
331495,0,50.0
331492,0,596.0
331491,1,17383.0
331490,0,43.0
331488,0,919.0
331486,0,118.0
331485,0,69.0
331482,0,45.0
331481,0,110.0
331479,0,9.0
331476,0,36.0
331474,0,307.0
331472,0,191.0
331471,0,606.0
331468,0,6.0
331467,0,95.0
331465,0,143.0
331461,0,10.0
331459,0,4.0
331458,0,49.0
331453,0,6.0
331451,0,1256.0
331450,0,130.0
331449,0,40.0
331448,0,594.0
331447,0,183.0
331446,0,368.0
331444,0,55.0
331442,1,42680.0
331439,1,42723.0
331438,0,36.0
331437,0,186.0
331436,0,93.0
331435,0,1.0
331432,0,77.0
331430,0,588.0
331424,0,130.0
331419,0,83.0
331418,0,716.0
331416,0,2.0
331415,0,737.0
331414,0,18.0
331410,0,560.0
331409,0,11.0
331408,0,356.0
331407,1,10646.0
331406,0,27.0
331405,0,13.0
331402,0,318.0
331401,0,554.0
331399,0,2.0
331396,0,22.0
331395,1,17465.0
331394,1,38267.0
331391,1,47059.0
331387,0,178.0
331386,0,10.0
331383,0,2.0
331382,0,774.0
331380,0,2873.0
331378,1,4959.0
331377,0,12.0
331376,0,2.0
331375,0,7.0
331372,1,25719.0
331370,1,19126.0
331369,1,14807.0
331364,0,153.0
331363,0,111.0
331362,0,111.0
331358,1,35825.0
331356,0,49.0
331353,0,13.0
331352,0,153.0
331351,1,18286.0
331349,0,206.0
331345,0,274.0
331343,0,3.0
331340,0,163.0
331339,0,107.0
331338,0,1039.0
331337,0,23.0
331333,0,2.0
331332,0,78.0
331331,0,0.0
331329,0,19.0
331328,0,175.0
331326,1,17862.0
331324,0,0.0
331322,0,6.0
331321,0,32.0
331315,0,389.0
331313,0,1102.0
331312,0,196.0
331310,0,130.0
331308,0,117.0
331307,0,303.0
331306,0,155.0
331300,0,138.0
331298,0,1380.0
331297,0,4.0
331283,0,48.0
331282,1,37384.0
331281,0,315.0
331278,0,42.0
331276,0,354.0
331244,0,2356.0
331241,0,4484.0
331239,0,620.0
331236,0,34.0
331233,1,22508.0
331225,0,26.0
331224,0,192.0
331222,0,178.0
331221,0,144.0
331209,0,254.0
331204,0,371.0
331198,1,159411.0
331187,0,254.0
331185,0,168.0
331183,0,10.0
331181,0,371.0
331177,0,29.0
331176,0,542.0
331175,0,55.0
331173,1,20030.0
331170,1,21814.0
331162,0,1.0
331160,1,23127.0
331158,0,3947.0
331157,0,4.0
331156,0,16.0
331153,1,31783.0
331152,0,30.0
331151,0,95.0
331150,0,7.0
331149,0,94.0
331145,0,201.0
331139,0,119.0
331133,0,45.0
331132,0,8.0
331128,0,32.0
331126,1,11517.0
331124,1,59493.0
331121,0,41.0
331117,0,49.0
331116,0,84.0
331115,0,85.0
331114,0,215.0
331113,0,107.0
331112,0,83.0
331106,0,184.0
331103,0,187.0
331099,0,395.0
331098,0,176.0
331097,0,1298.0
331094,0,6.0
331089,0,697.0
331087,1,136780.0
331085,0,1065.0
331084,0,151.0
331083,0,915.0
331082,0,390.0
331080,0,92.0
331079,1,33569.0
331077,0,4.0
331076,0,112.0
331075,0,1.0
331063,0,66.0
331061,1,32464.0
331059,1,22652.0
331057,0,280.0
331056,0,3260.0
331055,1,10334.0
331053,0,221.0
331050,1,22671.0
331047,0,713.0
331046,0,0.0
331045,0,0.0
331044,0,642.0
331041,0,122.0
331040,0,357.0
331038,0,288.0
331035,0,63.0
331033,0,450.0
331032,0,82.0
331028,0,44.0
331026,0,17.0
331024,0,126.0
331019,1,41549.0
331014,1,23413.0
331012,0,26.0
331010,1,21334.0
331009,0,163.0
331008,0,70.0
331005,0,23.0
331004,1,11501.0
330995,0,2388.0
330994,0,625.0
330992,0,2.0
330990,0,432.0
330989,0,20.0
330988,0,7.0
330985,0,13.0
330983,0,3255.0
330982,0,1214.0
330981,0,158.0
330980,0,490.0
330978,1,30900.0
330973,0,58.0
330971,0,122.0
330970,0,108.0
330969,0,557.0
330968,0,361.0
330967,0,703.0
330966,0,50.0
330965,0,2.0
330964,0,35.0
330963,0,79.0
330961,0,82.0
330959,0,326.0
330956,0,1218.0
330955,1,4938.0
330952,0,35.0
330949,0,207.0
330945,0,68.0
330943,0,2610.0
330942,0,93.0
330940,0,3427.0
330937,0,4.0
330933,0,339.0
330931,0,73.0
330930,0,9.0
330929,1,36954.0
330928,0,60.0
330926,0,157.0
330925,0,4160.0
330924,0,20.0
330923,0,16.0
330922,1,35946.0
330921,1,23302.0
330920,0,4045.0
330919,0,56.0
330910,1,40483.0
330905,0,0.0
330902,1,60744.0
330901,1,48771.0
330898,0,28.0
330897,0,917.0
330896,0,39.0
330891,0,4.0
330890,0,425.0
330887,0,30.0
330886,0,3823.0
330884,1,5898.0
330883,0,12.0
330882,0,6.0
330881,0,28.0
330877,0,574.0
330876,0,602.0
330870,0,4.0
330867,0,23.0
330864,0,4442.0
330862,0,108.0
330861,0,3339.0
330860,0,92.0
330859,0,419.0
330858,0,166.0
330857,0,105.0
330856,0,103.0
330854,0,18.0
330853,0,88.0
330852,0,254.0
330851,0,178.0
330849,1,42885.0
330848,1,376287.0
330847,0,55.0
330843,0,2.0
330841,1,5322.0
330840,0,4.0
330839,0,41.0
330834,0,16.0
330833,0,3.0
330832,0,200.0
330829,0,510.0
330827,0,236.0
330825,0,2.0
330824,0,4.0
330822,0,5.0
330820,0,6.0
330818,0,437.0
330816,1,32637.0
330812,0,653.0
330810,0,232.0
330808,0,66.0
330806,0,4.0
330804,0,38.0
330803,0,50.0
330800,0,74.0
330799,0,1.0
330796,0,4.0
330789,0,1.0
330785,1,25789.0
330782,0,1153.0
330781,0,172.0
330780,0,322.0
330779,0,501.0
330778,0,7.0
330777,0,557.0
330776,0,86.0
330775,0,54.0
330772,0,670.0
330771,0,3210.0
330770,0,20.0
330768,0,0.0
330767,0,42.0
330766,0,41.0
330763,0,296.0
330762,0,60.0
330761,0,3797.0
330759,0,98.0
330758,0,56.0
330756,0,473.0
330755,0,2714.0
330754,1,21491.0
330752,0,50.0
330751,0,55.0
330750,0,344.0
330749,0,27.0
330748,1,25942.0
330746,0,276.0
330744,0,459.0
330743,0,380.0
330742,0,53.0
330741,0,79.0
330739,1,23470.0
330737,0,571.0
330735,0,181.0
330734,0,3075.0
330733,0,2881.0
330731,0,1239.0
330730,0,205.0
330729,1,10920.0
330727,0,2.0
330726,1,6785.0
330723,0,1088.0
330720,0,66.0
330716,0,2.0
330715,1,11010.0
330711,1,9781.0
330710,0,63.0
330709,0,38.0
330708,1,6206.0
330707,0,119.0
330705,0,62.0
330704,0,65.0
330703,1,57677.0
330702,0,42.0
330700,0,8.0
330699,0,144.0
330698,0,89.0
330697,0,31.0
330696,0,166.0
330694,0,251.0
330691,1,33927.0
330689,0,211.0
330688,1,21415.0
330686,0,170.0
330685,0,171.0
330684,0,243.0
330683,0,111.0
330682,0,139.0
330680,0,4.0
330678,0,2541.0
330677,0,110.0
330676,0,2854.0
330675,0,677.0
330673,1,18389.0
330672,0,594.0
330669,0,4247.0
330666,0,78.0
330665,1,38809.0
330664,0,0.0
330662,0,81.0
330661,0,68.0
330660,1,11147.0
330659,1,14197.0
330658,1,19687.0
330656,0,35.0
330655,0,77.0
330654,0,4131.0
330653,1,21016.0
330652,0,4684.0
330649,0,323.0
330648,0,3698.0
330647,1,4848.0
330644,0,225.0
330643,0,406.0
330641,0,809.0
330640,0,177.0
330639,0,233.0
330638,1,20619.0
330636,0,51.0
330635,0,3007.0
330634,0,10.0
330632,0,603.0
330631,0,62.0
330629,1,23419.0
330625,0,200.0
330624,1,37853.0
330623,0,11.0
330621,0,7.0
330620,0,1434.0
330619,0,313.0
330618,0,4.0
330617,0,178.0
330616,0,149.0
330615,0,77.0
330611,0,4.0
330609,0,14.0
330606,0,54.0
330603,0,231.0
330602,0,202.0
330601,1,382800.0
330593,0,3785.0
330590,0,145.0
330585,0,291.0
330581,0,22.0
330577,1,23390.0
330576,0,1752.0
330575,0,290.0
330574,0,193.0
330573,1,49158.0
330570,1,25104.0
330569,1,16855.0
330568,0,359.0
330567,1,27883.0
330566,1,115049.0
330565,1,38350.0
330564,0,5.0
330563,0,24.0
330560,1,6694.0
330558,0,103.0
330556,1,4952.0
330554,1,28595.0
330553,0,1531.0
330552,0,22.0
330550,0,3022.0
330548,1,5110.0
330547,0,199.0
330545,0,133.0
330543,0,37.0
330542,1,4973.0
330541,0,315.0
330540,1,16908.0
330539,1,32151.0
330538,0,17.0
330537,0,323.0
330536,0,236.0
330534,0,8.0
330533,0,1310.0
330532,0,51.0
330529,1,61941.0
330527,0,127.0
330522,0,192.0
330517,0,2.0
330516,1,31431.0
330515,1,31239.0
330514,1,24928.0
330513,1,7717.0
330510,1,36690.0
330509,0,2953.0
330508,0,1794.0
330503,1,33397.0
330501,0,9.0
330500,0,1325.0
330499,0,3840.0
330498,0,68.0
330495,0,3475.0
330494,0,25.0
330493,0,3934.0
330492,1,39615.0
330486,0,8.0
330484,1,60591.0
330482,0,333.0
330480,1,42523.0
330478,0,10.0
330476,1,57652.0
330472,0,141.0
330471,1,33650.0
330465,0,81.0
330463,1,44938.0
330462,0,60.0
330461,0,3.0
330458,0,10.0
330457,0,3.0
330455,1,29775.0
330454,0,2.0
330453,0,334.0
330450,0,3.0
330448,1,52233.0
330445,0,3.0
330443,0,631.0
330441,0,27.0
330439,1,69806.0
330438,0,3.0
330435,0,2.0
330432,0,42.0
330430,0,3.0
330428,1,26954.0
330426,0,50.0
330424,0,53.0
330423,0,136.0
330422,0,45.0
330421,0,50.0
330413,0,22.0
330407,0,17.0
330406,0,3.0
330405,0,39.0
330404,1,29605.0
330401,0,41.0
330399,1,11744.0
330393,0,103.0
330392,1,29563.0
330389,1,33375.0
330382,1,39312.0
330378,0,2061.0
330376,0,197.0
330375,1,7246.0
330373,0,67.0
330372,1,36577.0
330370,0,3916.0
330369,1,34567.0
330367,1,49235.0
330365,0,31.0
330362,0,220.0
330361,1,6950.0
330360,1,34584.0
330359,0,1601.0
330358,0,308.0
330357,0,51.0
330355,0,706.0
330354,1,69271.0
330353,0,506.0
330350,0,1088.0
330349,0,832.0
330348,0,14.0
330347,0,29.0
330346,0,126.0
330345,0,88.0
330344,0,22.0
330341,1,32501.0
330340,0,2411.0
330339,1,36699.0
330338,0,1305.0
330336,0,443.0
330335,0,724.0
330334,1,10196.0
330333,0,0.0
330332,0,344.0
330330,0,8.0
330329,0,144.0
330325,0,8.0
330323,1,6887.0
330320,1,18834.0
330319,0,0.0
330318,0,296.0
330317,1,34855.0
330308,0,2003.0
330303,0,27.0
330302,1,6442.0
330299,0,30.0
330298,1,29431.0
330297,0,193.0
330296,0,22.0
330294,0,5.0
330293,0,63.0
330291,0,23.0
330289,0,312.0
330285,0,222.0
330284,0,427.0
330283,0,41.0
330282,0,264.0
330279,0,1124.0
330278,0,6.0
330275,1,15959.0
330270,0,342.0
330269,0,10.0
330266,0,46.0
330261,0,3148.0
330259,0,3.0
330257,0,124.0
330256,0,66.0
330253,0,94.0
330252,0,11.0
330249,0,232.0
330247,1,26756.0
330244,0,693.0
330242,0,1478.0
330241,1,21968.0
330240,1,22021.0
330238,0,132.0
330236,1,6150.0
330233,0,0.0
330232,0,1324.0
330228,0,148.0
330227,0,32.0
330224,0,78.0
330223,1,194559.0
330222,0,43.0
330220,0,308.0
330218,0,29.0
330216,0,48.0
330215,0,101.0
330213,0,94.0
330211,1,18597.0
330210,0,161.0
330209,0,39.0
330207,0,2834.0
330205,0,25.0
330203,1,6408.0
330200,0,4.0
330199,0,44.0
330198,0,119.0
330197,1,50659.0
330194,0,27.0
330193,1,20325.0
330191,1,169562.0
330190,0,99.0
330189,0,3.0
330187,0,0.0
330186,0,114.0
330180,0,776.0
330178,0,236.0
330176,0,164.0
330175,0,810.0
330172,0,710.0
330171,0,178.0
330169,0,1226.0
330167,0,27.0
330166,0,67.0
330165,1,30775.0
330163,0,14.0
330161,0,217.0
330160,0,382.0
330158,0,6.0
330154,0,0.0
330151,1,54834.0
330150,0,86.0
330146,1,42108.0
330145,0,146.0
330144,0,1076.0
330143,0,254.0
330142,1,223217.0
330141,0,82.0
330140,0,27.0
330139,0,288.0
330137,0,6.0
330135,0,2.0
330132,1,43536.0
330131,0,183.0
330130,0,183.0
330129,0,126.0
330128,1,125356.0
330125,0,315.0
330124,1,8516.0
330123,0,9.0
330122,0,6.0
330121,0,2.0
330120,0,54.0
330119,0,6.0
330118,0,731.0
330117,0,65.0
330116,0,14.0
330115,0,55.0
330113,0,1023.0
330112,0,0.0
330111,0,0.0
330109,1,71114.0
330107,1,69689.0
330106,0,11.0
330105,1,69839.0
330102,0,33.0
330101,0,21.0
330100,0,584.0
330099,0,33.0
330098,0,1.0
330097,1,45094.0
330096,0,4540.0
330095,0,128.0
330094,1,32810.0
330089,0,249.0
330085,0,54.0
330084,0,109.0
330083,0,109.0
330082,0,357.0
330080,0,60.0
330078,0,418.0
330077,0,81.0
330076,0,0.0
330075,0,1225.0
330074,0,5.0
330073,0,1441.0
330071,0,49.0
330070,0,1069.0
330069,0,2565.0
330068,0,195.0
330067,1,44191.0
330063,0,101.0
330058,1,6049.0
330054,0,90.0
330044,0,120.0
330042,0,56.0
330041,1,5862.0
330040,1,12559.0
330038,0,24.0
330035,0,167.0
330030,0,234.0
330029,0,27.0
330026,0,639.0
330025,1,35290.0
330024,1,42691.0
330017,0,122.0
330013,1,41259.0
330012,0,237.0
330011,0,6.0
330009,0,10.0
330007,0,3246.0
330005,0,19.0
330003,0,729.0
330002,0,116.0
330000,0,232.0
329998,0,20.0
329995,0,12.0
329994,0,15.0
329986,0,152.0
329984,0,223.0
329972,0,2.0
329969,1,5297.0
329967,0,100.0
329964,0,677.0
329962,0,19.0
329961,1,64632.0
329960,0,192.0
329959,0,12.0
329957,0,102.0
329954,0,194.0
329953,0,4.0
329952,0,21.0
329950,0,85.0
329949,0,111.0
329945,0,10.0
329942,0,653.0
329941,0,43.0
329939,0,6.0
329937,0,836.0
329932,0,1011.0
329931,0,126.0
329929,0,202.0
329926,0,126.0
329925,0,571.0
329924,0,685.0
329922,0,201.0
329914,0,175.0
329912,0,669.0
329909,0,101.0
329899,1,24283.0
329898,0,16.0
329897,0,4.0
329896,0,851.0
329891,0,99.0
329889,1,15957.0
329884,0,1123.0
329883,0,33.0
329882,0,118.0
329881,0,10.0
329879,0,177.0
329877,0,909.0
329876,1,103161.0
329875,0,19.0
329872,0,116.0
329870,1,8493.0
329869,0,31.0
329868,0,359.0
329867,0,39.0
329865,0,60.0
329864,1,44168.0
329862,0,287.0
329861,0,366.0
329860,0,44.0
329858,0,8.0
329857,0,651.0
329856,0,4.0
329853,1,34245.0
329852,0,486.0
329849,0,76.0
329846,0,64.0
329845,0,99.0
329844,0,216.0
329839,0,549.0
329838,0,17.0
329837,0,1774.0
329834,0,321.0
329833,0,12.0
329832,0,133.0
329831,0,28.0
329828,1,40600.0
329825,0,407.0
329824,0,20.0
329819,0,15.0
329818,0,42.0
329817,1,38522.0
329810,0,254.0
329809,0,2.0
329808,0,27.0
329802,0,0.0
329799,0,15.0
329798,0,212.0
329797,0,32.0
329795,0,4.0
329794,0,126.0
329793,0,55.0
329792,1,47393.0
329791,0,360.0
329788,0,78.0
329786,0,523.0
329784,0,57.0
329783,0,396.0
329782,1,125713.0
329780,0,109.0
329778,0,250.0
329775,0,397.0
329774,0,37.0
329770,0,643.0
329759,0,563.0
329757,0,30.0
329748,0,111.0
329744,1,61546.0
329740,0,19.0
329736,0,234.0
329734,1,236613.0
329733,1,34060.0
329732,0,443.0
329731,0,302.0
329730,0,118.0
329729,1,11515.0
329728,0,30.0
329725,0,37.0
329723,0,61.0
329719,0,467.0
329718,0,251.0
329716,0,153.0
329715,1,131611.0
329714,0,142.0
329712,0,65.0
329711,0,19.0
329710,0,128.0
329708,0,52.0
329707,0,995.0
329706,0,873.0
329703,0,169.0
329701,1,33812.0
329700,1,44910.0
329699,0,416.0
329697,1,44083.0
329696,1,184299.0
329695,0,50.0
329692,0,252.0
329691,1,12321.0
329690,0,201.0
329689,1,36123.0
329688,0,0.0
329687,0,13.0
329686,0,278.0
329685,0,92.0
329683,0,1096.0
329682,1,19636.0
329681,0,750.0
329679,0,509.0
329678,0,0.0
329676,0,26.0
329674,0,232.0
329673,0,91.0
329670,0,12.0
329665,0,140.0
329663,0,21.0
329661,0,2.0
329660,0,15.0
329658,0,93.0
329655,0,1878.0
329653,0,590.0
329652,0,4.0
329650,0,462.0
329646,0,4186.0
329638,0,10.0
329637,0,39.0
329636,0,501.0
329634,0,118.0
329633,1,305375.0
329631,0,499.0
329629,1,7544.0
329628,1,20144.0
329623,0,111.0
329622,0,17.0
329620,1,10886.0
329617,0,40.0
329609,1,38776.0
329608,0,45.0
329607,0,121.0
329603,0,2755.0
329602,0,3356.0
329601,0,8.0
329599,0,62.0
329598,1,11884.0
329594,0,176.0
329593,0,181.0
329592,1,22269.0
329590,0,90.0
329586,0,31.0
329585,0,27.0
329581,0,53.0
329580,0,419.0
329579,0,485.0
329578,0,23.0
329576,0,243.0
329574,0,168.0
329573,0,117.0
329572,0,211.0
329570,0,3.0
329569,0,219.0
329568,0,1353.0
329567,0,2293.0
329566,0,169.0
329564,0,676.0
329563,0,2.0
329562,0,465.0
329557,0,16.0
329554,0,96.0
329553,0,10.0
329552,0,137.0
329548,0,13.0
329547,0,518.0
329542,0,87.0
329534,0,4.0
329533,0,2525.0
329532,0,435.0
329531,0,4012.0
329524,1,121296.0
329522,0,18.0
329519,1,7234.0
329518,0,151.0
329517,1,12504.0
329515,1,22941.0
329514,1,32376.0
329513,0,24.0
329510,0,312.0
329509,0,3566.0
329507,0,82.0
329506,1,88138.0
329505,0,237.0
329504,0,140.0
329503,1,38165.0
329502,0,0.0
329501,0,176.0
329500,0,4.0
329499,1,13165.0
329498,0,0.0
329493,0,2121.0
329492,0,1324.0
329487,0,1790.0
329486,0,1842.0
329485,0,1644.0
329484,0,1161.0
329483,0,1435.0
329481,1,7530.0
329480,0,2355.0
329478,0,113.0
329473,0,1670.0
329472,0,885.0
329470,0,3967.0
329467,1,7669.0
329466,0,408.0
329465,1,12435.0
329463,0,2616.0
329462,0,3381.0
329460,0,1526.0
329459,1,5805.0
329455,1,85174.0
329454,0,2165.0
329453,1,31109.0
329452,0,1396.0
329451,0,1578.0
329450,1,12208.0
329449,1,51279.0
329448,0,1639.0
329447,0,37.0
329446,1,24930.0
329444,0,0.0
329442,0,633.0
329441,0,2011.0
329438,1,21014.0
329437,0,1624.0
329433,0,205.0
329429,1,25076.0
329428,0,2132.0
329424,0,4.0
329420,0,2.0
329419,0,1437.0
329416,0,2537.0
329414,0,2126.0
329410,0,4.0
329408,0,316.0
329405,0,28.0
329400,0,64.0
329399,0,18.0
329398,0,102.0
329397,0,100.0
329396,0,15.0
329395,0,563.0
329394,0,62.0
329393,0,32.0
329391,0,170.0
329389,0,68.0
329387,0,42.0
329385,0,203.0
329384,0,2543.0
329383,0,306.0
329382,0,47.0
329381,0,24.0
329378,0,201.0
329377,0,257.0
329376,0,917.0
329374,0,184.0
329373,0,8.0
329372,0,58.0
329371,0,179.0
329368,0,1.0
329367,1,4837.0
329363,0,11.0
329362,0,357.0
329359,0,14.0
329356,1,10073.0
329355,0,4.0
329354,0,52.0
329353,0,18.0
329352,0,50.0
329351,0,29.0
329347,1,13675.0
329346,0,65.0
329345,0,1.0
329341,0,45.0
329338,0,83.0
329336,0,6.0
329335,0,24.0
329333,1,32832.0
329331,0,2938.0
329327,0,14.0
329325,1,13102.0
329324,1,7362.0
329323,1,16618.0
329318,0,139.0
329314,0,390.0
329311,0,186.0
329310,0,15.0
329307,0,24.0
329306,0,269.0
329304,0,109.0
329303,0,489.0
329301,0,1008.0
329299,0,2.0
329298,0,348.0
329297,0,70.0
329296,0,4410.0
329294,1,21243.0
329293,0,29.0
329292,0,1310.0
329290,0,45.0
329289,1,8301.0
329288,0,239.0
329286,0,2.0
329285,1,15983.0
329284,1,53584.0
329282,1,7764.0
329281,0,282.0
329279,1,8877.0
329278,0,442.0
329277,0,1.0
329276,0,11.0
329275,1,9093.0
329271,1,32339.0
329270,0,6.0
329269,0,132.0
329268,1,8539.0
329266,1,18171.0
329264,1,7015.0
329263,1,30423.0
329262,0,2.0
329260,0,1636.0
329259,0,908.0
329256,0,392.0
329255,0,95.0
329253,0,0.0
329252,0,928.0
329249,0,61.0
329247,0,160.0
329246,0,21.0
329244,0,535.0
329241,0,4.0
329240,0,20.0
329239,1,26619.0
329237,0,560.0
329229,1,15503.0
329228,0,863.0
329227,0,0.0
329226,0,0.0
329225,0,0.0
329222,0,124.0
329220,1,25253.0
329219,0,5.0
329217,1,49629.0
329216,0,178.0
329215,0,134.0
329214,0,7.0
329213,0,151.0
329212,0,515.0
329210,1,31662.0
329208,1,25034.0
329207,0,1065.0
329206,0,2.0
329205,0,3.0
329203,1,9055.0
329202,1,18078.0
329200,0,0.0
329194,0,19.0
329193,0,309.0
329192,1,40773.0
329191,0,122.0
329180,0,492.0
329173,1,63413.0
329172,0,47.0
329171,0,2689.0
329167,0,46.0
329166,0,155.0
329165,0,505.0
329161,1,51196.0
329157,1,75268.0
329156,0,533.0
329153,0,1060.0
329152,1,8713.0
329150,0,3794.0
329149,0,2797.0
329148,0,58.0
329145,1,16100.0
329141,1,26908.0
329140,0,1876.0
329139,0,1599.0
329136,0,103.0
329130,0,498.0
329128,1,30692.0
329126,0,338.0
329122,0,22.0
329121,1,10581.0
329113,1,31284.0
329102,0,159.0
329099,0,90.0
329098,0,280.0
329096,0,47.0
329095,1,40975.0
329091,1,31089.0
329088,0,215.0
329085,0,128.0
329084,0,45.0
329079,1,49661.0
329078,1,29053.0
329077,1,18946.0
329072,0,608.0
329071,1,5385.0
329069,0,93.0
329068,0,518.0
329067,0,3808.0
329066,1,28714.0
329061,0,38.0
329059,0,42.0
329058,0,14.0
329055,0,84.0
329054,0,634.0
329053,0,48.0
329052,0,39.0
329050,0,33.0
329048,0,332.0
329047,1,4937.0
329045,0,10.0
329043,0,76.0
329041,0,292.0
329039,0,64.0
329038,0,2.0
329037,0,389.0
329034,1,12911.0
329033,0,80.0
329032,0,78.0
329027,0,49.0
329026,0,120.0
329025,0,49.0
329022,0,149.0
329021,1,8423.0
329020,0,44.0
329018,0,98.0
329017,0,118.0
329016,0,2142.0
329015,0,728.0
329014,1,6723.0
329013,0,1799.0
329011,0,27.0
329010,0,38.0
329009,0,52.0
329008,0,2200.0
329006,0,1941.0
329003,0,103.0
329002,0,23.0
329000,0,9.0
328999,0,4212.0
328998,0,2157.0
328995,0,174.0
328994,0,9.0
328993,0,12.0
328990,0,1940.0
328989,0,1735.0
328984,0,225.0
328983,0,35.0
328982,1,156758.0
328980,0,37.0
328975,1,77601.0
328974,0,749.0
328973,0,11.0
328972,0,38.0
328971,0,5.0
328969,0,5.0
328963,0,92.0
328962,0,1331.0
328961,1,32867.0
328957,0,2.0
328956,0,2054.0
328953,1,6830.0
328949,0,24.0
328948,1,4909.0
328947,0,10.0
328944,0,2934.0
328943,0,1309.0
328941,0,126.0
328930,0,33.0
328926,0,287.0
328922,0,20.0
328921,0,78.0
328911,0,9.0
328905,0,268.0
328904,0,195.0
328900,0,3.0
328896,0,3435.0
328890,1,27538.0
328884,0,214.0
328883,0,2956.0
328882,0,1847.0
328880,1,227168.0
328876,1,12555.0
328875,0,0.0
328874,0,615.0
328873,0,90.0
328871,0,929.0
328868,0,0.0
328867,0,192.0
328866,0,283.0
328865,0,403.0
328864,0,237.0
328863,0,1249.0
328862,1,18695.0
328855,1,49010.0
328851,0,84.0
328847,0,449.0
328843,0,464.0
328835,1,4930.0
328834,1,4854.0
328833,0,106.0
328832,0,164.0
328830,1,53296.0
328829,0,205.0
328827,0,48.0
328826,0,6.0
328825,1,20463.0
328824,1,20503.0
328820,0,33.0
328818,0,2166.0
328815,0,29.0
328806,0,229.0
328805,0,2.0
328801,0,107.0
328791,0,167.0
328788,0,98.0
328785,0,235.0
328784,0,106.0
328783,1,5031.0
328780,1,51249.0
328779,0,6.0
328778,0,1.0
328773,0,649.0
328771,1,20225.0
328770,1,5257.0
328768,0,26.0
328766,0,64.0
328746,0,213.0
328742,0,364.0
328740,0,296.0
328739,0,141.0
328738,0,44.0
328735,0,51.0
328734,0,78.0
328733,1,46045.0
328731,0,765.0
328729,0,1855.0
328724,0,997.0
328718,0,491.0
328716,0,2.0
328713,1,11886.0
328712,0,178.0
328708,0,58.0
328707,0,121.0
328703,0,491.0
328702,0,30.0
328697,0,48.0
328688,1,16648.0
328686,0,5.0
328685,0,30.0
328682,0,8.0
328679,0,46.0
328678,0,8.0
328672,0,4.0
328671,0,16.0
328666,0,23.0
328663,0,108.0
328662,0,180.0
328660,0,171.0
328659,0,89.0
328658,0,483.0
328657,0,857.0
328655,0,1627.0
328654,1,29684.0
328651,0,2028.0
328650,0,130.0
328644,0,4465.0
328643,0,346.0
328641,0,416.0
328640,0,198.0
328639,0,71.0
328637,0,86.0
328635,1,62101.0
328633,0,27.0
328629,0,14.0
328628,0,16.0
328627,0,116.0
328626,1,40772.0
328620,1,112175.0
328615,1,42639.0
328611,0,75.0
328609,0,14.0
328594,0,3796.0
328592,0,532.0
328588,0,16.0
328587,0,8.0
328586,0,25.0
328584,0,220.0
328583,0,125.0
328582,1,69564.0
328581,0,79.0
328579,1,41743.0
328578,0,52.0
328575,0,20.0
328573,0,2.0
328570,0,28.0
328569,0,4.0
328563,0,174.0
328557,1,82988.0
328554,0,292.0
328553,0,864.0
328550,1,29541.0
328549,1,20240.0
328542,0,19.0
328540,0,784.0
328539,0,103.0
328538,1,37578.0
328537,1,16389.0
328535,0,42.0
328534,0,2.0
328532,0,161.0
328531,0,51.0
328530,1,8407.0
328529,0,1037.0
328526,0,80.0
328524,0,11.0
328522,0,108.0
328521,0,123.0
328519,0,177.0
328514,0,52.0
328512,1,71868.0
328511,0,1434.0
328506,0,66.0
328505,0,23.0
328504,0,175.0
328503,0,44.0
328502,1,47297.0
328499,0,366.0
328498,0,259.0
328497,0,67.0
328496,0,37.0
328495,1,18573.0
328494,0,3468.0
328492,0,9.0
328490,1,5102.0
328485,1,5511.0
328484,0,545.0
328482,0,935.0
328481,0,0.0
328480,0,21.0
328477,0,162.0
328474,0,311.0
328472,0,4.0
328471,1,11992.0
328470,0,567.0
328469,0,4510.0
328468,0,32.0
328467,0,24.0
328466,1,24012.0
328465,0,754.0
328463,0,195.0
328462,0,422.0
328461,1,10937.0
328460,0,718.0
328458,1,49055.0
328457,0,0.0
328456,0,10.0
328455,0,3716.0
328454,0,55.0
328451,0,199.0
328450,0,1.0
328441,0,197.0
328436,1,8188.0
328431,1,5891.0
328429,0,19.0
328428,1,11032.0
328425,0,355.0
328423,0,218.0
328420,0,204.0
328416,0,309.0
328415,0,166.0
328413,0,688.0
328412,0,22.0
328408,0,201.0
328406,0,101.0
328404,0,33.0
328403,0,259.0
328402,0,563.0
328392,0,168.0
328391,0,58.0
328389,1,20435.0
328388,0,195.0
328387,0,1493.0
328383,0,2.0
328378,0,219.0
328375,0,352.0
328369,0,163.0
328368,0,31.0
328367,0,3.0
328363,0,89.0
328361,0,23.0
328351,0,494.0
328349,0,68.0
328347,0,34.0
328343,0,66.0
328342,0,65.0
328341,0,1780.0
328337,1,17819.0
328334,1,4809.0
328332,0,292.0
328329,0,54.0
328326,0,221.0
328325,0,5.0
328320,1,23448.0
328318,1,28933.0
328317,1,13078.0
328316,1,15646.0
328315,0,12.0
328314,0,264.0
328313,1,15452.0
328312,0,100.0
328311,0,12.0
328310,0,12.0
328308,0,132.0
328304,0,259.0
328303,1,17347.0
328301,1,16282.0
328297,0,35.0
328293,1,43909.0
328290,1,9243.0
328288,0,2146.0
328276,0,127.0
328275,1,20082.0
328274,0,1134.0
328273,0,214.0
328269,0,407.0
328268,1,17901.0
328267,0,1226.0
328264,0,98.0
328263,0,7.0
328262,1,62367.0
328261,0,63.0
328260,0,43.0
328259,1,18310.0
328258,0,174.0
328257,0,49.0
328248,0,79.0
328245,0,41.0
328238,0,25.0
328237,1,66917.0
328233,0,1.0
328232,1,5630.0
328225,1,51482.0
328220,1,5495.0
328219,0,3448.0
328218,0,1.0
328217,1,13583.0
328216,0,140.0
328215,0,63.0
328214,0,40.0
328213,0,180.0
328211,0,191.0
328210,0,962.0
328208,1,22076.0
328207,0,695.0
328206,0,0.0
328205,0,545.0
328203,0,271.0
328202,0,265.0
328201,0,184.0
328198,0,816.0
328187,0,70.0
328186,0,311.0
328185,0,270.0
328184,0,95.0
328183,0,146.0
328182,0,131.0
328179,1,27462.0
328176,0,58.0
328172,0,210.0
328169,0,37.0
328164,0,2680.0
328163,0,3106.0
328162,0,2.0
328161,0,4341.0
328158,1,29869.0
328157,0,130.0
328155,1,19501.0
328152,1,63556.0
328151,1,8021.0
328150,0,65.0
328148,0,2.0
328147,0,880.0
328146,1,18767.0
328142,0,2.0
328141,0,2.0
328140,0,2344.0
328138,0,94.0
328137,1,31374.0
328136,0,97.0
328134,1,35334.0
328133,0,870.0
328132,0,18.0
328130,1,20465.0
328129,0,746.0
328127,0,257.0
328125,0,43.0
328124,0,36.0
328117,0,67.0
328115,0,19.0
328111,0,629.0
328106,0,930.0
328105,1,9957.0
328101,0,24.0
328097,0,3526.0
328096,0,252.0
328095,1,17180.0
328094,0,1382.0
328093,0,40.0
328090,0,28.0
328088,1,12359.0
328087,0,447.0
328086,1,6911.0
328082,0,975.0
328081,0,1877.0
328080,0,4.0
328078,0,236.0
328077,1,6401.0
328074,0,175.0
328073,0,3650.0
328071,0,87.0
328070,1,18704.0
328069,1,22127.0
328068,0,2.0
328065,0,291.0
328063,0,28.0
328060,0,3.0
328058,0,982.0
328056,0,23.0
328051,0,84.0
328050,0,44.0
328048,1,8286.0
328047,0,40.0
328046,0,35.0
328045,1,8158.0
328044,1,7168.0
328043,0,91.0
328036,0,201.0
328031,0,204.0
328029,0,3.0
328028,0,34.0
328027,0,1953.0
328025,0,41.0
328024,0,29.0
328023,0,9.0
328022,1,29583.0
328018,0,20.0
328017,0,24.0
328016,0,30.0
328015,0,158.0
328014,0,405.0
328013,0,16.0
328012,0,1825.0
328011,0,678.0
328010,1,33469.0
328005,1,46623.0
327998,0,2.0
327992,0,474.0
327991,1,20742.0
327989,0,902.0
327985,0,551.0
327984,0,31.0
327983,1,23451.0
327982,0,504.0
327981,0,261.0
327980,0,76.0
327975,0,194.0
327972,0,243.0
327971,1,55028.0
327967,0,4.0
327963,0,1652.0
327960,0,454.0
327956,0,58.0
327955,1,27337.0
327953,0,259.0
327952,0,1270.0
327951,0,225.0
327950,1,18574.0
327948,0,141.0
327947,0,762.0
327946,0,236.0
327942,0,2.0
327939,0,32.0
327938,1,5020.0
327936,1,31782.0
327934,1,8477.0
327933,0,268.0
327932,0,2.0
327931,0,297.0
327930,0,2.0
327928,0,368.0
327926,1,10045.0
327925,0,3221.0
327924,0,57.0
327923,1,18809.0
327922,0,399.0
327920,0,10.0
327919,0,191.0
327918,0,22.0
327917,0,5.0
327916,0,27.0
327915,0,52.0
327914,0,532.0
327913,0,143.0
327912,0,4.0
327909,1,22863.0
327907,0,28.0
327905,0,6.0
327903,1,17321.0
327899,1,33352.0
327895,0,76.0
327894,0,103.0
327892,0,214.0
327890,0,11.0
327889,1,17185.0
327888,0,43.0
327885,1,78840.0
327884,1,17178.0
327883,0,31.0
327882,0,10.0
327881,1,18389.0
327878,0,133.0
327877,0,488.0
327876,0,24.0
327875,0,110.0
327874,0,141.0
327873,1,19846.0
327871,0,465.0
327870,0,233.0
327869,1,5602.0
327868,0,557.0
327866,0,322.0
327860,0,755.0
327859,0,475.0
327857,0,109.0
327856,0,188.0
327855,0,208.0
327854,1,12836.0
327853,1,8591.0
327852,1,36942.0
327851,0,7.0
327844,0,644.0
327843,0,1217.0
327842,0,0.0
327841,0,24.0
327836,0,52.0
327833,0,112.0
327832,0,154.0
327828,1,19601.0
327827,1,23091.0
327826,1,19024.0
327825,1,19218.0
327822,0,23.0
327821,0,2718.0
327819,0,2244.0
327817,0,116.0
327816,0,50.0
327814,0,4.0
327812,0,205.0
327811,0,117.0
327810,0,39.0
327809,0,771.0
327807,0,2.0
327803,0,130.0
327797,1,28119.0
327796,0,301.0
327795,0,12.0
327793,0,10.0
327792,0,21.0
327791,0,49.0
327789,0,49.0
327786,1,16318.0
327785,0,20.0
327783,0,80.0
327782,0,20.0
327781,0,62.0
327779,0,9.0
327777,0,2795.0
327776,0,0.0
327775,0,18.0
327773,0,4.0
327771,0,1.0
327770,0,6.0
327769,0,995.0
327766,1,13202.0
327765,1,119106.0
327764,0,172.0
327761,0,0.0
327758,0,22.0
327757,0,13.0
327753,0,336.0
327752,0,88.0
327751,0,22.0
327749,0,85.0
327748,0,94.0
327744,0,272.0
327743,0,472.0
327742,0,293.0
327741,0,4724.0
327740,0,94.0
327739,0,546.0
327738,0,159.0
327736,0,4.0
327735,0,2.0
327734,0,407.0
327731,0,4.0
327729,1,5275.0
327728,0,301.0
327724,0,3979.0
327722,0,1884.0
327720,0,8.0
327719,0,378.0
327718,0,4.0
327717,1,23196.0
327716,1,34453.0
327714,1,21204.0
327713,0,200.0
327711,0,584.0
327710,0,745.0
327708,0,52.0
327705,0,333.0
327704,0,323.0
327703,0,324.0
327702,0,492.0
327700,0,5.0
327698,0,361.0
327697,0,173.0
327696,0,5.0
327694,0,621.0
327693,0,3251.0
327692,1,4750.0
327691,0,1090.0
327690,1,39959.0
327689,1,27931.0
327688,0,4.0
327686,0,133.0
327684,0,359.0
327683,0,120.0
327681,0,118.0
327680,0,0.0
327679,0,0.0
327677,0,72.0
327675,0,186.0
327674,0,2.0
327670,0,344.0
327666,1,29505.0
327664,0,30.0
327662,0,127.0
327659,0,28.0
327658,0,2.0
327657,0,21.0
327654,0,314.0
327652,0,74.0
327651,0,21.0
327647,0,6.0
327642,0,2678.0
327638,0,136.0
327637,0,127.0
327632,0,215.0
327629,0,314.0
327628,0,93.0
327624,0,171.0
327623,0,10.0
327614,0,12.0
327612,0,4.0
327609,0,12.0
327598,0,2.0
327596,0,48.0
327594,0,16.0
327593,0,2.0
327590,0,72.0
327588,0,24.0
327585,0,0.0
327583,1,17784.0
327576,0,1351.0
327575,0,42.0
327573,1,16501.0
327571,0,87.0
327569,1,7591.0
327566,0,1434.0
327562,0,297.0
327560,0,423.0
327557,0,2290.0
327555,0,92.0
327553,0,56.0
327552,0,13.0
327550,0,94.0
327549,0,784.0
327548,0,1096.0
327547,0,3.0
327545,0,2.0
327544,1,77723.0
327542,0,472.0
327541,0,254.0
327518,1,22417.0
327511,0,104.0
327500,0,90.0
327497,1,37882.0
327495,0,45.0
327494,0,496.0
327491,0,61.0
327490,1,13305.0
327489,0,2962.0
327486,0,363.0
327485,0,268.0
327483,1,14795.0
327482,0,309.0
327481,0,26.0
327475,0,894.0
327465,0,1830.0
327464,0,222.0
327451,0,105.0
327450,0,97.0
327448,0,39.0
327445,0,796.0
327442,0,0.0
327441,0,0.0
327433,0,162.0
327432,0,217.0
327431,0,45.0
327428,0,278.0
327427,1,16936.0
327426,0,302.0
327425,0,38.0
327423,0,144.0
327422,0,237.0
327421,0,342.0
327420,0,368.0
327419,0,62.0
327418,1,16134.0
327417,1,10707.0
327416,1,74728.0
327414,0,239.0
327412,1,10825.0
327410,0,248.0
327409,0,1.0
327408,0,941.0
327407,0,2.0
327406,0,3.0
327405,0,5.0
327403,1,15061.0
327401,1,15618.0
327400,1,7461.0
327399,1,7469.0
327398,1,25769.0
327397,0,2.0
327395,0,32.0
327394,0,81.0
327393,0,605.0
327391,1,16606.0
327389,0,89.0
327388,0,15.0
327387,0,114.0
327385,1,5086.0
327383,1,19817.0
327381,0,129.0
327379,0,60.0
327378,0,14.0
327376,0,1351.0
327375,1,16962.0
327374,0,1393.0
327372,0,122.0
327369,0,69.0
327367,0,1279.0
327366,0,98.0
327361,0,228.0
327356,0,15.0
327355,0,1.0
327351,0,5.0
327350,0,33.0
327347,0,10.0
327345,1,10943.0
327341,0,479.0
327340,0,30.0
327337,0,262.0
327332,0,446.0
327331,1,5609.0
327330,1,8840.0
327328,1,10384.0
327325,0,15.0
327321,1,4729.0
327320,0,148.0
327319,0,523.0
327316,0,1571.0
327315,0,2.0
327313,0,16.0
327312,0,12.0
327306,0,10.0
327305,0,222.0
327303,0,86.0
327302,0,28.0
327301,0,0.0
327300,0,45.0
327298,0,71.0
327297,0,52.0
327296,0,532.0
327295,0,120.0
327294,1,43007.0
327290,1,36584.0
327289,1,17407.0
327280,0,21.0
327276,0,50.0
327275,1,16399.0
327273,0,2.0
327272,0,112.0
327271,0,196.0
327270,0,36.0
327269,0,105.0
327266,0,4.0
327265,0,211.0
327258,0,7.0
327255,0,6.0
327254,0,142.0
327251,0,2.0
327248,1,20502.0
327246,0,0.0
327245,0,23.0
327244,0,34.0
327241,1,13926.0
327237,0,6.0
327236,0,6.0
327235,0,1310.0
327233,0,295.0
327231,0,4.0
327226,0,112.0
327225,0,546.0
327224,0,3849.0
327223,0,14.0
327220,0,246.0
327218,0,42.0
327215,1,12388.0
327213,0,3.0
327211,0,3.0
327210,0,61.0
327209,0,211.0
327208,1,38203.0
327206,0,77.0
327201,0,632.0
327200,0,434.0
327199,0,404.0
327198,0,211.0
327193,0,52.0
327192,0,238.0
327191,0,186.0
327189,1,13990.0
327187,0,67.0
327186,0,55.0
327184,1,9975.0
327182,0,2.0
327181,0,10.0
327180,1,6863.0
327175,0,89.0
327174,0,6.0
327173,0,103.0
327172,0,10.0
327170,0,636.0
327168,0,135.0
327166,0,60.0
327165,1,10197.0
327163,0,320.0
327162,0,214.0
327161,0,40.0
327160,0,207.0
327157,1,120054.0
327156,0,79.0
327155,1,14527.0
327154,0,457.0
327151,0,47.0
327150,0,1.0
327147,0,296.0
327146,0,6.0
327145,0,6.0
327143,0,265.0
327141,0,8.0
327140,0,406.0
327139,0,36.0
327138,0,140.0
327136,0,570.0
327131,0,2853.0
327128,1,22800.0
327126,0,63.0
327124,0,26.0
327123,0,54.0
327122,0,60.0
327117,1,13719.0
327116,0,4.0
327112,0,380.0
327110,1,36021.0
327105,1,14570.0
327104,1,16953.0
327095,0,30.0
327090,1,20009.0
327089,1,18224.0
327086,0,2240.0
327085,0,2.0
327084,0,114.0
327082,0,204.0
327081,0,7.0
327080,1,45336.0
327079,0,52.0
327075,0,451.0
327074,0,133.0
327072,1,40532.0
327071,1,5381.0
327067,0,57.0
327065,0,753.0
327063,1,16416.0
327058,0,382.0
327056,0,53.0
327054,0,0.0
327052,0,0.0
327051,0,136.0
327050,0,194.0
327049,0,809.0
327047,0,48.0
327046,1,13700.0
327044,1,13701.0
327043,0,1310.0
327042,0,163.0
327035,1,12868.0
327034,1,14036.0
327032,1,32566.0
327030,0,100.0
327027,0,398.0
327025,0,20.0
327022,0,159.0
327017,0,0.0
327015,0,67.0
327011,0,133.0
327007,0,537.0
327006,0,74.0
327005,0,25.0
326996,1,13853.0
326995,1,48996.0
326992,0,27.0
326991,0,136.0
326990,0,108.0
326986,0,4.0
326984,1,13793.0
326983,0,450.0
326982,0,388.0
326980,0,141.0
326979,0,1549.0
326977,0,93.0
326976,0,135.0
326974,0,351.0
326973,0,93.0
326971,0,160.0
326970,0,327.0
326965,1,5149.0
326961,0,323.0
326958,0,834.0
326957,1,17228.0
326954,0,420.0
326950,0,4.0
326948,0,1114.0
326938,0,387.0
326937,0,11.0
326936,1,15079.0
326934,0,3.0
326933,1,18207.0
326931,1,51015.0
326930,0,26.0
326928,0,32.0
326927,0,2.0
326924,0,27.0
326923,0,294.0
326922,1,23513.0
326921,0,621.0
326917,1,146789.0
326916,0,4103.0
326915,0,3.0
326908,0,1162.0
326907,0,13.0
326903,1,8181.0
326902,1,46936.0
326901,1,9508.0
326899,1,24050.0
326898,0,6.0
326897,0,35.0
326894,1,7867.0
326892,0,5.0
326890,0,5.0
326889,0,310.0
326888,1,8618.0
326885,1,29931.0
326884,0,6.0
326883,0,6.0
326882,0,6.0
326881,0,300.0
326880,0,21.0
326876,1,22031.0
326874,0,2.0
326873,0,903.0
326872,0,313.0
326871,0,14.0
326868,0,459.0
326867,0,775.0
326866,0,6.0
326865,0,488.0
326864,0,1452.0
326863,0,611.0
326862,1,14674.0
326861,0,512.0
326860,0,1272.0
326859,0,1483.0
326858,0,76.0
326856,0,28.0
326855,0,19.0
326854,0,43.0
326853,1,28908.0
326851,0,31.0
326850,1,5260.0
326849,0,1333.0
326848,1,28921.0
326847,1,30066.0
326846,0,22.0
326845,0,53.0
326844,1,29150.0
326843,0,117.0
326842,0,703.0
326841,0,60.0
326840,1,27698.0
326839,1,4866.0
326837,0,17.0
326836,0,46.0
326830,0,25.0
326829,0,4217.0
326827,1,29006.0
326822,0,10.0
326820,0,3.0
326814,1,96712.0
326813,0,2.0
326807,0,1049.0
326806,0,42.0
326802,0,0.0
326798,0,145.0
326785,1,28865.0
326780,0,6.0
326778,0,2.0
326776,0,172.0
326772,0,338.0
326769,0,2312.0
326768,1,94297.0
326767,0,113.0
326764,0,75.0
326763,0,37.0
326760,0,2.0
326759,0,1390.0
326757,0,149.0
326755,0,6.0
326753,0,60.0
326752,0,177.0
326750,0,306.0
326748,0,395.0
326747,0,22.0
326746,0,70.0
326745,0,6.0
326744,0,4325.0
326743,0,64.0
326742,0,10.0
326741,0,287.0
326739,0,759.0
326736,0,0.0
326735,0,73.0
326734,0,4.0
326733,0,23.0
326731,0,8.0
326729,0,96.0
326722,0,115.0
326720,0,2747.0
326718,0,65.0
326716,0,320.0
326711,0,121.0
326709,0,582.0
326708,0,0.0
326707,0,255.0
326706,0,95.0
326704,0,269.0
326703,0,37.0
326699,0,6.0
326698,0,0.0
326697,1,4814.0
326696,1,4788.0
326691,0,1635.0
326686,0,1470.0
326685,0,193.0
326683,0,44.0
326682,0,89.0
326678,0,346.0
326677,0,2.0
326675,0,89.0
326673,0,4245.0
326669,0,79.0
326668,1,10531.0
326666,1,25251.0
326665,0,144.0
326661,1,151533.0
326660,0,273.0
326652,0,8.0
326651,0,2.0
326650,0,9.0
326649,0,10.0
326648,0,8.0
326642,0,73.0
326641,0,149.0
326638,0,31.0
326637,0,97.0
326635,0,8.0
326627,0,36.0
326626,0,429.0
326621,0,1.0
326620,0,0.0
326617,0,2.0
326616,0,2.0
326611,0,4277.0
326600,0,3871.0
326594,0,10.0
326570,0,54.0
326569,0,132.0
326568,0,16.0
326561,0,147.0
326558,0,76.0
326557,1,27057.0
326552,0,132.0
326545,1,17529.0
326542,0,974.0
326537,0,297.0
326535,0,22.0
326534,0,9.0
326531,1,5743.0
326516,1,30951.0
326507,0,357.0
326504,1,215547.0
326502,0,46.0
326497,0,328.0
326496,0,80.0
326493,1,15682.0
326482,0,1250.0
326480,1,34072.0
326472,0,362.0
326468,0,39.0
326461,0,280.0
326458,0,24.0
326455,0,2709.0
326454,0,150.0
326453,0,58.0
326451,0,19.0
326447,1,47363.0
326444,0,132.0
326438,0,173.0
326432,0,109.0
326431,1,43443.0
326430,0,1771.0
326427,0,44.0
326424,0,1384.0
326420,1,23969.0
326419,0,90.0
326415,0,3582.0
326414,1,24734.0
326412,0,403.0
326411,0,2.0
326410,0,430.0
326409,0,372.0
326407,0,99.0
326406,1,54452.0
326405,1,23653.0
326403,1,5181.0
326401,0,207.0
326400,0,3157.0
326399,0,499.0
326398,0,2329.0
326397,0,175.0
326396,0,50.0
326394,1,14859.0
326390,0,1013.0
326386,0,149.0
326384,0,758.0
326383,1,13525.0
326382,0,3174.0
326379,0,308.0
326378,0,131.0
326375,0,114.0
326374,0,61.0
326370,0,12.0
326369,0,396.0
326367,0,6.0
326366,0,6.0
326362,1,6298.0
326360,0,30.0
326357,0,8.0
326354,0,755.0
326351,0,2976.0
326350,0,52.0
326342,0,214.0
326339,0,4.0
326337,0,177.0
326336,0,0.0
326334,0,6.0
326333,1,43878.0
326332,0,3.0
326326,0,10.0
326325,0,330.0
326323,0,28.0
326315,0,1983.0
326311,0,2.0
326307,0,4.0
326306,0,29.0
326301,0,0.0
326295,0,30.0
326291,0,0.0
326290,0,188.0
326288,0,163.0
326287,0,28.0
326283,1,16662.0
326282,0,21.0
326281,0,0.0
326279,0,23.0
326278,0,404.0
326277,0,357.0
326275,1,33285.0
326273,0,0.0
326272,0,404.0
326270,0,1408.0
326267,0,194.0
326265,0,76.0
326264,0,164.0
326262,0,1.0
326261,0,9.0
326256,0,2383.0
326255,0,2.0
326253,1,16170.0
326252,1,16675.0
326251,0,1070.0
326247,1,21423.0
326246,1,25334.0
326245,0,528.0
326242,0,813.0
326239,0,21.0
326238,0,75.0
326237,0,841.0
326236,0,198.0
326235,0,1.0
326233,0,29.0
326231,0,323.0
326230,1,46343.0
326229,0,521.0
326228,0,3915.0
326226,0,847.0
326225,0,4.0
326224,0,143.0
326223,0,91.0
326222,0,367.0
326221,0,17.0
326219,0,357.0
326217,0,223.0
326216,0,21.0
326213,0,1024.0
326212,0,1390.0
326211,0,386.0
326210,0,6.0
326209,0,128.0
326206,1,6553.0
326205,0,2.0
326204,0,68.0
326203,0,1245.0
326202,0,3597.0
326201,0,18.0
326200,1,8981.0
326198,0,2031.0
326195,0,0.0
326194,0,142.0
326193,0,6.0
326192,1,41558.0
326191,0,49.0
326190,0,60.0
326189,0,14.0
326188,0,9.0
326187,0,2.0
326186,0,2.0
326184,0,0.0
326183,0,106.0
326182,0,92.0
326180,0,2.0
326178,0,336.0
326176,0,753.0
326172,0,18.0
326170,0,4.0
326169,0,798.0
326168,0,2.0
326165,0,326.0
326164,0,155.0
326162,0,4.0
326159,0,0.0
326157,0,149.0
326156,0,8.0
326150,0,4.0
326148,1,8562.0
326145,0,4.0
326144,0,50.0
326143,0,6.0
326141,0,15.0
326137,1,158188.0
326135,0,191.0
326134,1,37743.0
326121,0,2288.0
326118,0,79.0
326115,0,103.0
326106,0,850.0
326101,0,142.0
326097,0,18.0
326089,0,19.0
326088,0,0.0
326086,0,523.0
326084,0,76.0
326080,0,458.0
326077,0,216.0
326076,0,7.0
326075,0,299.0
326074,0,69.0
326072,0,180.0
326071,1,29964.0
326070,0,1030.0
326068,0,27.0
326067,0,584.0
326066,0,0.0
326064,0,6.0
326063,1,16433.0
326062,0,680.0
326061,1,8557.0
326058,0,54.0
326057,0,744.0
326056,0,37.0
326055,0,0.0
326053,0,46.0
326052,1,31736.0
326050,1,25949.0
326049,0,0.0
326048,0,32.0
326047,0,4.0
326046,0,16.0
326044,1,18289.0
326040,0,6.0
326038,0,6.0
326036,0,73.0
326035,0,24.0
326032,0,174.0
326031,0,1927.0
326030,0,187.0
326029,0,2.0
326028,0,44.0
326023,0,812.0
326022,0,107.0
326020,0,89.0
326019,0,4057.0
326014,0,17.0
326013,0,176.0
326012,0,1729.0
326009,0,2.0
326005,0,8.0
326004,0,57.0
326003,0,1009.0
326001,0,582.0
326000,0,4.0
325999,0,744.0
325998,0,63.0
325997,0,52.0
325996,0,6.0
325993,1,214185.0
325992,0,6.0
325989,0,22.0
325988,0,71.0
325985,0,15.0
325983,1,10802.0
325982,1,111173.0
325977,0,2031.0
325975,0,102.0
325973,0,285.0
325971,0,782.0
325970,0,211.0
325969,0,8.0
325968,0,16.0
325966,1,43749.0
325963,0,168.0
325962,0,28.0
325959,0,2.0
325955,0,2.0
325953,0,452.0
325949,0,566.0
325948,0,681.0
325946,0,163.0
325944,0,69.0
325942,0,61.0
325940,0,227.0
325937,1,50795.0
325934,0,81.0
325933,0,49.0
325932,0,2.0
325931,1,20987.0
325929,0,62.0
325928,0,0.0
325927,0,0.0
325925,0,150.0
325916,0,848.0
325908,0,1482.0
325907,0,64.0
325905,0,193.0
325903,0,190.0
325898,0,93.0
325897,0,62.0
325896,1,35793.0
325895,0,178.0
325893,0,29.0
325892,0,1381.0
325889,0,21.0
325887,0,282.0
325886,0,508.0
325885,0,148.0
325883,0,137.0
325882,0,8.0
325881,0,0.0
325880,0,80.0
325879,1,4858.0
325878,0,744.0
325877,0,2.0
325875,0,149.0
325874,0,207.0
325873,0,271.0
325870,0,0.0
325869,0,466.0
325868,0,57.0
325866,0,347.0
325865,0,1217.0
325864,1,31918.0
325863,0,13.0
325861,0,13.0
325858,0,2.0
325857,0,97.0
325856,0,12.0
325855,0,80.0
325854,0,215.0
325851,0,102.0
325850,0,104.0
325849,0,104.0
325848,0,13.0
325847,0,104.0
325843,0,422.0
325842,0,485.0
325841,0,0.0
325838,0,23.0
325837,0,145.0
325835,0,230.0
325833,0,93.0
325832,0,6.0
325831,0,6.0
325828,0,49.0
325823,0,0.0
325821,0,135.0
325818,0,4.0
325816,0,242.0
325815,0,2767.0
325813,0,322.0
325810,1,16954.0
325809,0,52.0
325808,0,116.0
325807,0,526.0
325806,1,6363.0
325805,0,118.0
325804,0,562.0
325801,1,11496.0
325799,0,8.0
325797,0,5.0
325794,0,19.0
325793,0,19.0
325792,1,5735.0
325791,1,26109.0
325790,0,6.0
325788,0,27.0
325787,1,27423.0
325785,1,12422.0
325783,0,67.0
325781,0,385.0
325780,0,253.0
325777,0,2646.0
325774,0,514.0
325772,0,145.0
325769,0,518.0
325768,0,218.0
325766,0,0.0
325765,0,3838.0
325762,0,112.0
325757,1,64616.0
325756,0,2.0
325753,0,15.0
325752,0,24.0
325749,1,6933.0
325746,0,108.0
325741,0,8.0
325737,0,610.0
325735,0,0.0
325733,0,95.0
325726,0,451.0
325725,1,39006.0
325724,0,135.0
325723,0,14.0
325722,0,0.0
325719,0,194.0
325718,0,225.0
325716,0,249.0
325714,0,762.0
325713,0,97.0
325712,0,456.0
325710,0,24.0
325707,0,28.0
325706,0,2.0
325704,0,0.0
325702,0,81.0
325701,0,132.0
325699,0,25.0
325698,0,154.0
325697,1,5715.0
325695,0,13.0
325693,0,20.0
325691,1,7455.0
325690,0,2.0
325689,0,6.0
325687,0,107.0
325685,0,9.0
325683,0,130.0
325682,0,13.0
325681,0,2404.0
325680,0,59.0
325679,1,19962.0
325678,0,2.0
325676,0,622.0
325674,0,2.0
325659,0,1815.0
325654,1,26837.0
325649,0,13.0
325646,0,2.0
325641,0,15.0
325640,0,2070.0
325639,0,0.0
325638,0,6.0
325637,0,6.0
325636,0,19.0
325632,0,9.0
325629,0,7.0
325628,0,111.0
325626,0,1.0
325625,0,12.0
325624,0,19.0
325622,0,1.0
325615,0,0.0
325614,0,279.0
325613,0,639.0
325609,0,236.0
325599,0,12.0
325597,0,211.0
325596,1,11258.0
325594,0,19.0
325593,0,609.0
325591,0,61.0
325585,0,13.0
325584,0,6.0
325582,0,7.0
325581,0,614.0
325580,0,233.0
325578,1,121072.0
325575,0,6.0
325573,1,39255.0
325563,0,875.0
325553,0,155.0
325548,0,1575.0
325547,1,38352.0
325544,0,4.0
325543,0,16.0
325541,0,2.0
325538,0,63.0
325536,0,270.0
325532,0,14.0
325528,0,269.0
325525,1,23121.0
325521,0,135.0
325515,0,221.0
325514,0,1089.0
325513,0,3267.0
325511,0,2.0
325509,0,9.0
325505,1,16304.0
325503,1,64253.0
325492,0,8.0
325478,0,3403.0
325477,0,2980.0
325472,0,78.0
325468,0,102.0
325464,0,9.0
325463,0,2.0
325460,1,74356.0
325458,0,431.0
325457,0,8.0
325454,0,80.0
325445,1,12135.0
325444,0,137.0
325443,0,136.0
325442,0,20.0
325441,1,18236.0
325437,1,11580.0
325428,0,362.0
325423,0,41.0
325422,1,22148.0
325417,0,4499.0
325410,1,22760.0
325407,0,48.0
325405,1,22050.0
325404,0,192.0
325401,0,246.0
325400,0,1.0
325399,0,6.0
325397,0,264.0
325396,0,165.0
325393,1,11452.0
325391,0,66.0
325387,0,18.0
325386,0,10.0
325385,0,649.0
325384,0,102.0
325383,0,10.0
325382,0,340.0
325380,1,14167.0
325374,0,4.0
325372,1,22515.0
325371,0,284.0
325370,0,622.0
325369,0,0.0
325368,0,289.0
325367,1,32326.0
325366,0,332.0
325365,0,23.0
325364,0,0.0
325359,1,30751.0
325358,0,14.0
325351,0,2.0
325347,0,12.0
325346,0,25.0
325344,0,56.0
325343,0,2.0
325342,0,16.0
325340,0,0.0
325339,0,555.0
325338,1,21590.0
325337,0,64.0
325335,0,1444.0
325332,0,252.0
325331,1,11453.0
325329,0,22.0
325322,0,71.0
325321,1,46174.0
325320,0,85.0
325316,0,0.0
325314,0,44.0
325311,0,3414.0
325310,1,38618.0
325309,0,175.0
325307,0,88.0
325305,0,32.0
325304,0,118.0
325303,0,1237.0
325302,0,194.0
325301,0,558.0
325300,0,197.0
325299,1,34098.0
325298,1,32932.0
325295,0,222.0
325296,0,184.0
325294,1,32305.0
325293,0,273.0
325291,1,35787.0
325284,0,2.0
325283,1,13371.0
325278,0,359.0
325276,0,227.0
325275,0,23.0
325272,0,74.0
325271,0,548.0
325269,0,256.0
325268,1,30255.0
325263,0,3229.0
325262,0,1057.0
325259,1,38171.0
325258,0,244.0
325257,0,3.0
325254,0,251.0
325249,0,508.0
325247,0,120.0
325241,1,117764.0
325239,1,13707.0
325238,0,368.0
325234,0,4.0
325233,0,63.0
325228,0,44.0
325226,0,234.0
325223,1,34038.0
325222,0,261.0
325212,0,349.0
325211,0,320.0
325209,1,22687.0
325207,0,361.0
325206,0,535.0
325205,0,297.0
325203,0,266.0
325202,0,283.0
325200,1,34019.0
325198,1,16258.0
325196,0,276.0
325195,1,34602.0
325194,0,1169.0
325193,0,16.0
325191,0,575.0
325190,0,654.0
325189,0,106.0
325187,1,18927.0
325184,1,109484.0
325183,0,217.0
325181,0,300.0
325180,0,12.0
325175,1,6549.0
325173,0,80.0
325170,0,12.0
325169,0,134.0
325168,0,210.0
325166,0,902.0
325165,1,42168.0
325163,0,17.0
325161,1,73061.0
325159,0,114.0
325158,0,376.0
325155,1,52171.0
325154,0,81.0
325153,0,159.0
325151,0,246.0
325148,0,28.0
325145,1,70097.0
325143,0,3714.0
325140,0,47.0
325139,0,933.0
325138,0,2530.0
325137,0,32.0
325135,0,30.0
325134,0,17.0
325131,0,288.0
325129,1,16005.0
325126,0,21.0
325124,0,9.0
325123,0,18.0
325122,1,36244.0
325120,0,38.0
325119,0,0.0
325118,1,16017.0
325117,0,4.0
